importer_iso3,canal,RP_ic
ABW,Gibraltar Strait,NA
ABW,Malacca Strait,NA
ABW,Panama Canal,NA
ABW,Strait of Hormuz,NA
ABW,Suez Canal,NA
ABW,Taiwan Strait,NA
AFG,Gibraltar Strait,NA
AFG,Malacca Strait,NA
AFG,Panama Canal,NA
AFG,Strait of Hormuz,NA
AFG,Suez Canal,NA
AFG,Taiwan Strait,NA
AGO,Gibraltar Strait,NA
AGO,Malacca Strait,NA
AGO,Panama Canal,NA
AGO,Strait of Hormuz,NA
AGO,Suez Canal,NA
AGO,Taiwan Strait,NA
AIA,Gibraltar Strait,NA
AIA,Malacca Strait,NA
AIA,Panama Canal,NA
AIA,Strait of Hormuz,NA
AIA,Suez Canal,NA
AIA,Taiwan Strait,NA
ALB,Gibraltar Strait,NA
ALB,Malacca Strait,NA
ALB,Panama Canal,NA
ALB,Strait of Hormuz,NA
ALB,Suez Canal,NA
ALB,Taiwan Strait,NA
AND,Gibraltar Strait,NA
AND,Malacca Strait,NA
AND,Panama Canal,NA
AND,Strait of Hormuz,NA
AND,Suez Canal,NA
AND,Taiwan Strait,NA
ARE,Gibraltar Strait,66.0116450972786
ARE,Malacca Strait,204.85213963356006
ARE,Panama Canal,4.5640589891888785
ARE,Strait of Hormuz,1250.1977618664391
ARE,Suez Canal,100.89074509324834
ARE,Taiwan Strait,134.5878774294607
ARG,Gibraltar Strait,NA
ARG,Malacca Strait,NA
ARG,Panama Canal,NA
ARG,Strait of Hormuz,NA
ARG,Suez Canal,NA
ARG,Taiwan Strait,NA
ARM,Gibraltar Strait,NA
ARM,Malacca Strait,NA
ARM,Panama Canal,NA
ARM,Strait of Hormuz,NA
ARM,Suez Canal,NA
ARM,Taiwan Strait,NA
AUS,Gibraltar Strait,24.944488164827177
AUS,Malacca Strait,33.59500885762156
AUS,Panama Canal,4.978174757248298
AUS,Strait of Hormuz,17.447639369251114
AUS,Suez Canal,35.629128918715956
AUS,Taiwan Strait,155.17078623486663
AUT,Gibraltar Strait,0
AUT,Malacca Strait,0
AUT,Panama Canal,0
AUT,Strait of Hormuz,0
AUT,Suez Canal,0
AUT,Taiwan Strait,0
AZE,Gibraltar Strait,3.532077128614704
AZE,Malacca Strait,0.7345514985545654
AZE,Panama Canal,0.05181862319101016
AZE,Strait of Hormuz,0.7273289505521241
AZE,Suez Canal,4.351309874218173
AZE,Taiwan Strait,0.31941556799036386
BDI,Gibraltar Strait,NA
BDI,Malacca Strait,NA
BDI,Panama Canal,NA
BDI,Strait of Hormuz,NA
BDI,Suez Canal,NA
BDI,Taiwan Strait,NA
BEL,Gibraltar Strait,28.44270533294946
BEL,Malacca Strait,3.614146367808363
BEL,Panama Canal,1.61987767662938
BEL,Strait of Hormuz,4.559904642729293
BEL,Suez Canal,16.43370459949947
BEL,Taiwan Strait,1.278444087378993
BEN,Gibraltar Strait,NA
BEN,Malacca Strait,NA
BEN,Panama Canal,NA
BEN,Strait of Hormuz,NA
BEN,Suez Canal,NA
BEN,Taiwan Strait,NA
BFA,Gibraltar Strait,NA
BFA,Malacca Strait,NA
BFA,Panama Canal,NA
BFA,Strait of Hormuz,NA
BFA,Suez Canal,NA
BFA,Taiwan Strait,NA
BGD,Gibraltar Strait,13.689157187651773
BGD,Malacca Strait,35.747609503236994
BGD,Panama Canal,1.4504593990472943
BGD,Strait of Hormuz,62.81231828795612
BGD,Suez Canal,21.43169813747043
BGD,Taiwan Strait,7.742139923826072
BGR,Gibraltar Strait,17.0326326727572
BGR,Malacca Strait,2.9158393117235515
BGR,Panama Canal,1.3979544768170664
BGR,Strait of Hormuz,1.4440304744159238
BGR,Suez Canal,16.944820649878288
BGR,Taiwan Strait,1.7911256529381299
BHR,Gibraltar Strait,NA
BHR,Malacca Strait,NA
BHR,Panama Canal,NA
BHR,Strait of Hormuz,NA
BHR,Suez Canal,NA
BHR,Taiwan Strait,NA
BHS,Gibraltar Strait,NA
BHS,Malacca Strait,NA
BHS,Panama Canal,NA
BHS,Strait of Hormuz,NA
BHS,Suez Canal,NA
BHS,Taiwan Strait,NA
BIH,Gibraltar Strait,NA
BIH,Malacca Strait,NA
BIH,Panama Canal,NA
BIH,Strait of Hormuz,NA
BIH,Suez Canal,NA
BIH,Taiwan Strait,NA
BLR,Gibraltar Strait,0
BLR,Malacca Strait,0
BLR,Panama Canal,0
BLR,Strait of Hormuz,0
BLR,Suez Canal,0
BLR,Taiwan Strait,0
BLZ,Gibraltar Strait,NA
BLZ,Malacca Strait,NA
BLZ,Panama Canal,NA
BLZ,Strait of Hormuz,NA
BLZ,Suez Canal,NA
BLZ,Taiwan Strait,NA
BOL,Gibraltar Strait,NA
BOL,Malacca Strait,NA
BOL,Panama Canal,NA
BOL,Strait of Hormuz,NA
BOL,Suez Canal,NA
BOL,Taiwan Strait,NA
BRA,Gibraltar Strait,921.4141224586242
BRA,Malacca Strait,122.67138302589771
BRA,Panama Canal,721.7971199765921
BRA,Strait of Hormuz,341.6806391512108
BRA,Suez Canal,373.3272870231778
BRA,Taiwan Strait,365.95715872662475
BRB,Gibraltar Strait,NA
BRB,Malacca Strait,NA
BRB,Panama Canal,NA
BRB,Strait of Hormuz,NA
BRB,Suez Canal,NA
BRB,Taiwan Strait,NA
BRN,Gibraltar Strait,NA
BRN,Malacca Strait,NA
BRN,Panama Canal,NA
BRN,Strait of Hormuz,NA
BRN,Suez Canal,NA
BRN,Taiwan Strait,NA
BTN,Gibraltar Strait,NA
BTN,Malacca Strait,NA
BTN,Panama Canal,NA
BTN,Strait of Hormuz,NA
BTN,Suez Canal,NA
BTN,Taiwan Strait,NA
CAF,Gibraltar Strait,NA
CAF,Malacca Strait,NA
CAF,Panama Canal,NA
CAF,Strait of Hormuz,NA
CAF,Suez Canal,NA
CAF,Taiwan Strait,NA
CAN,Gibraltar Strait,344.30285708139417
CAN,Malacca Strait,37.87958310746326
CAN,Panama Canal,640.0100490175598
CAN,Strait of Hormuz,51.444587939527906
CAN,Suez Canal,165.86043688627743
CAN,Taiwan Strait,50.24989993038096
CHE,Gibraltar Strait,0
CHE,Malacca Strait,0
CHE,Panama Canal,0
CHE,Strait of Hormuz,0
CHE,Suez Canal,0
CHE,Taiwan Strait,0
CHL,Gibraltar Strait,52.30416030864796
CHL,Malacca Strait,11.023449861328256
CHL,Panama Canal,300.4791785606894
CHL,Strait of Hormuz,32.826616423088005
CHL,Suez Canal,13.792030038621512
CHL,Taiwan Strait,30.86788960748602
CHN,Gibraltar Strait,3544.6131074585605
CHN,Malacca Strait,6609.395714878658
CHN,Panama Canal,4344.63478965282
CHN,Strait of Hormuz,11701.529697836551
CHN,Suez Canal,8968.431901830203
CHN,Taiwan Strait,14702.430885090109
CIV,Gibraltar Strait,NA
CIV,Malacca Strait,NA
CIV,Panama Canal,NA
CIV,Strait of Hormuz,NA
CIV,Suez Canal,NA
CIV,Taiwan Strait,NA
CMR,Gibraltar Strait,NA
CMR,Malacca Strait,NA
CMR,Panama Canal,NA
CMR,Strait of Hormuz,NA
CMR,Suez Canal,NA
CMR,Taiwan Strait,NA
COD,Gibraltar Strait,NA
COD,Malacca Strait,NA
COD,Panama Canal,NA
COD,Strait of Hormuz,NA
COD,Suez Canal,NA
COD,Taiwan Strait,NA
COG,Gibraltar Strait,NA
COG,Malacca Strait,NA
COG,Panama Canal,NA
COG,Strait of Hormuz,NA
COG,Suez Canal,NA
COG,Taiwan Strait,NA
COL,Gibraltar Strait,701.8604522271163
COL,Malacca Strait,10.336837663873888
COL,Panama Canal,791.1702506610197
COL,Strait of Hormuz,16.96119342603781
COL,Suez Canal,91.91707030417837
COL,Taiwan Strait,9.594304416671951
COM,Gibraltar Strait,NA
COM,Malacca Strait,NA
COM,Panama Canal,NA
COM,Strait of Hormuz,NA
COM,Suez Canal,NA
COM,Taiwan Strait,NA
CPV,Gibraltar Strait,NA
CPV,Malacca Strait,NA
CPV,Panama Canal,NA
CPV,Strait of Hormuz,NA
CPV,Suez Canal,NA
CPV,Taiwan Strait,NA
CRI,Gibraltar Strait,NA
CRI,Malacca Strait,NA
CRI,Panama Canal,NA
CRI,Strait of Hormuz,NA
CRI,Suez Canal,NA
CRI,Taiwan Strait,NA
CUB,Gibraltar Strait,NA
CUB,Malacca Strait,NA
CUB,Panama Canal,NA
CUB,Strait of Hormuz,NA
CUB,Suez Canal,NA
CUB,Taiwan Strait,NA
CUW,Gibraltar Strait,NA
CUW,Malacca Strait,NA
CUW,Panama Canal,NA
CUW,Strait of Hormuz,NA
CUW,Suez Canal,NA
CUW,Taiwan Strait,NA
CYM,Gibraltar Strait,NA
CYM,Malacca Strait,NA
CYM,Panama Canal,NA
CYM,Strait of Hormuz,NA
CYM,Suez Canal,NA
CYM,Taiwan Strait,NA
CYP,Gibraltar Strait,NA
CYP,Malacca Strait,NA
CYP,Panama Canal,NA
CYP,Strait of Hormuz,NA
CYP,Suez Canal,NA
CYP,Taiwan Strait,NA
CZE,Gibraltar Strait,NA
CZE,Malacca Strait,NA
CZE,Panama Canal,NA
CZE,Strait of Hormuz,NA
CZE,Suez Canal,NA
CZE,Taiwan Strait,NA
DEU,Gibraltar Strait,743.4226927731083
DEU,Malacca Strait,78.94137026828012
DEU,Panama Canal,44.975931992355186
DEU,Strait of Hormuz,68.35386644933872
DEU,Suez Canal,347.62775183301375
DEU,Taiwan Strait,29.178137340844724
DJI,Gibraltar Strait,NA
DJI,Malacca Strait,NA
DJI,Panama Canal,NA
DJI,Strait of Hormuz,NA
DJI,Suez Canal,NA
DJI,Taiwan Strait,NA
DMA,Gibraltar Strait,NA
DMA,Malacca Strait,NA
DMA,Panama Canal,NA
DMA,Strait of Hormuz,NA
DMA,Suez Canal,NA
DMA,Taiwan Strait,NA
DNK,Gibraltar Strait,32.54806894703224
DNK,Malacca Strait,3.553473821893668
DNK,Panama Canal,2.673954227797819
DNK,Strait of Hormuz,0.8310325538430681
DNK,Suez Canal,14.730470579139052
DNK,Taiwan Strait,1.8391895368065665
DOM,Gibraltar Strait,NA
DOM,Malacca Strait,NA
DOM,Panama Canal,NA
DOM,Strait of Hormuz,NA
DOM,Suez Canal,NA
DOM,Taiwan Strait,NA
DZA,Gibraltar Strait,135.4879485362031
DZA,Malacca Strait,5.144258356304753
DZA,Panama Canal,2.7589566937634906
DZA,Strait of Hormuz,17.200633447031983
DZA,Suez Canal,31.068549915781972
DZA,Taiwan Strait,1.3003348960746894
ECU,Gibraltar Strait,17.157821912620957
ECU,Malacca Strait,1.081692031415337
ECU,Panama Canal,116.87964308383658
ECU,Strait of Hormuz,2.383542313662885
ECU,Suez Canal,4.800333798531304
ECU,Taiwan Strait,2.151449513996419
EGY,Gibraltar Strait,259.9653266143927
EGY,Malacca Strait,26.843752937088535
EGY,Panama Canal,27.592163463019336
EGY,Strait of Hormuz,80.86160711616884
EGY,Suez Canal,266.05120306688383
EGY,Taiwan Strait,12.572212709941734
ERI,Gibraltar Strait,NA
ERI,Malacca Strait,NA
ERI,Panama Canal,NA
ERI,Strait of Hormuz,NA
ERI,Suez Canal,NA
ERI,Taiwan Strait,NA
ESP,Gibraltar Strait,2228.5079603972204
ESP,Malacca Strait,100.40158448896435
ESP,Panama Canal,129.88682850910206
ESP,Strait of Hormuz,226.8329722938026
ESP,Suez Canal,646.7695485958302
ESP,Taiwan Strait,33.32905890607925
EST,Gibraltar Strait,1.3823725812582928
EST,Malacca Strait,0.20317207393707198
EST,Panama Canal,0.05704065492719747
EST,Strait of Hormuz,0.13390524016706337
EST,Suez Canal,0.9886642407480493
EST,Taiwan Strait,0.09524710033068509
ETH,Gibraltar Strait,NA
ETH,Malacca Strait,NA
ETH,Panama Canal,NA
ETH,Strait of Hormuz,NA
ETH,Suez Canal,NA
ETH,Taiwan Strait,NA
FIN,Gibraltar Strait,248.86816122173593
FIN,Malacca Strait,39.833566659749415
FIN,Panama Canal,31.515248386644636
FIN,Strait of Hormuz,4.850762790911723
FIN,Suez Canal,182.16220251622872
FIN,Taiwan Strait,18.314765382809888
FJI,Gibraltar Strait,NA
FJI,Malacca Strait,NA
FJI,Panama Canal,NA
FJI,Strait of Hormuz,NA
FJI,Suez Canal,NA
FJI,Taiwan Strait,NA
FRA,Gibraltar Strait,1744.8960349397469
FRA,Malacca Strait,93.8242732612221
FRA,Panama Canal,49.283757260136724
FRA,Strait of Hormuz,234.4368285033275
FRA,Suez Canal,538.1823601322952
FRA,Taiwan Strait,25.445981737669808
FSM,Gibraltar Strait,NA
FSM,Malacca Strait,NA
FSM,Panama Canal,NA
FSM,Strait of Hormuz,NA
FSM,Suez Canal,NA
FSM,Taiwan Strait,NA
GAB,Gibraltar Strait,NA
GAB,Malacca Strait,NA
GAB,Panama Canal,NA
GAB,Strait of Hormuz,NA
GAB,Suez Canal,NA
GAB,Taiwan Strait,NA
GBR,Gibraltar Strait,705.0384607834499
GBR,Malacca Strait,87.91592520008295
GBR,Panama Canal,38.612284057559634
GBR,Strait of Hormuz,45.133284158338505
GBR,Suez Canal,341.8124163518747
GBR,Taiwan Strait,51.18431238884945
GEO,Gibraltar Strait,NA
GEO,Malacca Strait,NA
GEO,Panama Canal,NA
GEO,Strait of Hormuz,NA
GEO,Suez Canal,NA
GEO,Taiwan Strait,NA
GHA,Gibraltar Strait,NA
GHA,Malacca Strait,NA
GHA,Panama Canal,NA
GHA,Strait of Hormuz,NA
GHA,Suez Canal,NA
GHA,Taiwan Strait,NA
GIB,Gibraltar Strait,NA
GIB,Malacca Strait,NA
GIB,Panama Canal,NA
GIB,Strait of Hormuz,NA
GIB,Suez Canal,NA
GIB,Taiwan Strait,NA
GIN,Gibraltar Strait,NA
GIN,Malacca Strait,NA
GIN,Panama Canal,NA
GIN,Strait of Hormuz,NA
GIN,Suez Canal,NA
GIN,Taiwan Strait,NA
GMB,Gibraltar Strait,NA
GMB,Malacca Strait,NA
GMB,Panama Canal,NA
GMB,Strait of Hormuz,NA
GMB,Suez Canal,NA
GMB,Taiwan Strait,NA
GNB,Gibraltar Strait,NA
GNB,Malacca Strait,NA
GNB,Panama Canal,NA
GNB,Strait of Hormuz,NA
GNB,Suez Canal,NA
GNB,Taiwan Strait,NA
GNQ,Gibraltar Strait,NA
GNQ,Malacca Strait,NA
GNQ,Panama Canal,NA
GNQ,Strait of Hormuz,NA
GNQ,Suez Canal,NA
GNQ,Taiwan Strait,NA
GRC,Gibraltar Strait,284.78182733820904
GRC,Malacca Strait,14.854418441299496
GRC,Panama Canal,23.747974776457824
GRC,Strait of Hormuz,50.30604174195238
GRC,Suez Canal,164.09356525112818
GRC,Taiwan Strait,7.7758950970120395
GRD,Gibraltar Strait,NA
GRD,Malacca Strait,NA
GRD,Panama Canal,NA
GRD,Strait of Hormuz,NA
GRD,Suez Canal,NA
GRD,Taiwan Strait,NA
GTM,Gibraltar Strait,NA
GTM,Malacca Strait,NA
GTM,Panama Canal,NA
GTM,Strait of Hormuz,NA
GTM,Suez Canal,NA
GTM,Taiwan Strait,NA
GUY,Gibraltar Strait,NA
GUY,Malacca Strait,NA
GUY,Panama Canal,NA
GUY,Strait of Hormuz,NA
GUY,Suez Canal,NA
GUY,Taiwan Strait,NA
HKG,Gibraltar Strait,NA
HKG,Malacca Strait,NA
HKG,Panama Canal,NA
HKG,Strait of Hormuz,NA
HKG,Suez Canal,NA
HKG,Taiwan Strait,NA
HND,Gibraltar Strait,NA
HND,Malacca Strait,NA
HND,Panama Canal,NA
HND,Strait of Hormuz,NA
HND,Suez Canal,NA
HND,Taiwan Strait,NA
HRV,Gibraltar Strait,12.642711016419202
HRV,Malacca Strait,0.5623146849147909
HRV,Panama Canal,0.1593057822773569
HRV,Strait of Hormuz,0.38126419068678574
HRV,Suez Canal,3.7936113880305355
HRV,Taiwan Strait,0.18506793291581383
HTI,Gibraltar Strait,NA
HTI,Malacca Strait,NA
HTI,Panama Canal,NA
HTI,Strait of Hormuz,NA
HTI,Suez Canal,NA
HTI,Taiwan Strait,NA
HUN,Gibraltar Strait,0
HUN,Malacca Strait,0
HUN,Panama Canal,0
HUN,Strait of Hormuz,0
HUN,Suez Canal,0
HUN,Taiwan Strait,0
IDN,Gibraltar Strait,0
IDN,Malacca Strait,0
IDN,Panama Canal,0
IDN,Strait of Hormuz,0
IDN,Suez Canal,0
IDN,Taiwan Strait,0
IND,Gibraltar Strait,0
IND,Malacca Strait,0
IND,Panama Canal,0
IND,Strait of Hormuz,0
IND,Suez Canal,0
IND,Taiwan Strait,0
IRL,Gibraltar Strait,4.667332717127392
IRL,Malacca Strait,0.3832818558292725
IRL,Panama Canal,0.4653123873250074
IRL,Strait of Hormuz,0.1573202606875182
IRL,Suez Canal,1.8813180164152987
IRL,Taiwan Strait,0.09500254807544845
IRN,Gibraltar Strait,NA
IRN,Malacca Strait,NA
IRN,Panama Canal,NA
IRN,Strait of Hormuz,NA
IRN,Suez Canal,NA
IRN,Taiwan Strait,NA
IRQ,Gibraltar Strait,NA
IRQ,Malacca Strait,NA
IRQ,Panama Canal,NA
IRQ,Strait of Hormuz,NA
IRQ,Suez Canal,NA
IRQ,Taiwan Strait,NA
ISL,Gibraltar Strait,0
ISL,Malacca Strait,0
ISL,Panama Canal,0
ISL,Strait of Hormuz,0
ISL,Suez Canal,0
ISL,Taiwan Strait,0
ISR,Gibraltar Strait,116.16674064298346
ISR,Malacca Strait,12.233055057571697
ISR,Panama Canal,2.801821878377531
ISR,Strait of Hormuz,1.595583554348856
ISR,Suez Canal,67.3401481162011
ISR,Taiwan Strait,4.924441590206288
ITA,Gibraltar Strait,1582.3650635527872
ITA,Malacca Strait,204.57321876922606
ITA,Panama Canal,86.30982499396517
ITA,Strait of Hormuz,355.76138474345686
ITA,Suez Canal,1050.3348148852413
ITA,Taiwan Strait,124.22041970908919
JAM,Gibraltar Strait,NA
JAM,Malacca Strait,NA
JAM,Panama Canal,NA
JAM,Strait of Hormuz,NA
JAM,Suez Canal,NA
JAM,Taiwan Strait,NA
JOR,Gibraltar Strait,NA
JOR,Malacca Strait,NA
JOR,Panama Canal,NA
JOR,Strait of Hormuz,NA
JOR,Suez Canal,NA
JOR,Taiwan Strait,NA
JPN,Gibraltar Strait,199.3670678205756
JPN,Malacca Strait,907.4848003481904
JPN,Panama Canal,742.1348343506065
JPN,Strait of Hormuz,2043.035910347982
JPN,Suez Canal,326.4808044649512
JPN,Taiwan Strait,1128.2182723912968
KAZ,Gibraltar Strait,NA
KAZ,Malacca Strait,NA
KAZ,Panama Canal,NA
KAZ,Strait of Hormuz,NA
KAZ,Suez Canal,NA
KAZ,Taiwan Strait,NA
KEN,Gibraltar Strait,NA
KEN,Malacca Strait,NA
KEN,Panama Canal,NA
KEN,Strait of Hormuz,NA
KEN,Suez Canal,NA
KEN,Taiwan Strait,NA
KGZ,Gibraltar Strait,NA
KGZ,Malacca Strait,NA
KGZ,Panama Canal,NA
KGZ,Strait of Hormuz,NA
KGZ,Suez Canal,NA
KGZ,Taiwan Strait,NA
KHM,Gibraltar Strait,NA
KHM,Malacca Strait,NA
KHM,Panama Canal,NA
KHM,Strait of Hormuz,NA
KHM,Suez Canal,NA
KHM,Taiwan Strait,NA
KNA,Gibraltar Strait,NA
KNA,Malacca Strait,NA
KNA,Panama Canal,NA
KNA,Strait of Hormuz,NA
KNA,Suez Canal,NA
KNA,Taiwan Strait,NA
KOR,Gibraltar Strait,428.57623821775536
KOR,Malacca Strait,1426.6900513723522
KOR,Panama Canal,1057.7135062797397
KOR,Strait of Hormuz,4021.9575866816067
KOR,Suez Canal,1087.6987525145935
KOR,Taiwan Strait,2162.1723351861424
KWT,Gibraltar Strait,0
KWT,Malacca Strait,0
KWT,Panama Canal,0
KWT,Strait of Hormuz,0
KWT,Suez Canal,0
KWT,Taiwan Strait,0
LAO,Gibraltar Strait,NA
LAO,Malacca Strait,NA
LAO,Panama Canal,NA
LAO,Strait of Hormuz,NA
LAO,Suez Canal,NA
LAO,Taiwan Strait,NA
LBN,Gibraltar Strait,NA
LBN,Malacca Strait,NA
LBN,Panama Canal,NA
LBN,Strait of Hormuz,NA
LBN,Suez Canal,NA
LBN,Taiwan Strait,NA
LBR,Gibraltar Strait,NA
LBR,Malacca Strait,NA
LBR,Panama Canal,NA
LBR,Strait of Hormuz,NA
LBR,Suez Canal,NA
LBR,Taiwan Strait,NA
LBY,Gibraltar Strait,NA
LBY,Malacca Strait,NA
LBY,Panama Canal,NA
LBY,Strait of Hormuz,NA
LBY,Suez Canal,NA
LBY,Taiwan Strait,NA
LCA,Gibraltar Strait,NA
LCA,Malacca Strait,NA
LCA,Panama Canal,NA
LCA,Strait of Hormuz,NA
LCA,Suez Canal,NA
LCA,Taiwan Strait,NA
LKA,Gibraltar Strait,72.70219938603589
LKA,Malacca Strait,164.17168296056218
LKA,Panama Canal,1.6666218888273803
LKA,Strait of Hormuz,148.70951575445855
LKA,Suez Canal,163.3676047844565
LKA,Taiwan Strait,64.48944844132808
LTU,Gibraltar Strait,6.720151302565213
LTU,Malacca Strait,0.4343865943598738
LTU,Panama Canal,0.4731943423454307
LTU,Strait of Hormuz,0.24011661765483502
LTU,Suez Canal,2.7816108689695915
LTU,Taiwan Strait,0.22737132101835655
LVA,Gibraltar Strait,3.19482159563894
LVA,Malacca Strait,0.3952238912490582
LVA,Panama Canal,0.07295280912419626
LVA,Strait of Hormuz,0.10147472768533197
LVA,Suez Canal,1.947567256001203
LVA,Taiwan Strait,0.2861036085003787
MAC,Gibraltar Strait,NA
MAC,Malacca Strait,NA
MAC,Panama Canal,NA
MAC,Strait of Hormuz,NA
MAC,Suez Canal,NA
MAC,Taiwan Strait,NA
MAR,Gibraltar Strait,NA
MAR,Malacca Strait,NA
MAR,Panama Canal,NA
MAR,Strait of Hormuz,NA
MAR,Suez Canal,NA
MAR,Taiwan Strait,NA
MDA,Gibraltar Strait,NA
MDA,Malacca Strait,NA
MDA,Panama Canal,NA
MDA,Strait of Hormuz,NA
MDA,Suez Canal,NA
MDA,Taiwan Strait,NA
MDG,Gibraltar Strait,NA
MDG,Malacca Strait,NA
MDG,Panama Canal,NA
MDG,Strait of Hormuz,NA
MDG,Suez Canal,NA
MDG,Taiwan Strait,NA
MDV,Gibraltar Strait,NA
MDV,Malacca Strait,NA
MDV,Panama Canal,NA
MDV,Strait of Hormuz,NA
MDV,Suez Canal,NA
MDV,Taiwan Strait,NA
MEX,Gibraltar Strait,0
MEX,Malacca Strait,0
MEX,Panama Canal,0
MEX,Strait of Hormuz,0
MEX,Suez Canal,0
MEX,Taiwan Strait,0
MHL,Gibraltar Strait,NA
MHL,Malacca Strait,NA
MHL,Panama Canal,NA
MHL,Strait of Hormuz,NA
MHL,Suez Canal,NA
MHL,Taiwan Strait,NA
MKD,Gibraltar Strait,NA
MKD,Malacca Strait,NA
MKD,Panama Canal,NA
MKD,Strait of Hormuz,NA
MKD,Suez Canal,NA
MKD,Taiwan Strait,NA
MLI,Gibraltar Strait,NA
MLI,Malacca Strait,NA
MLI,Panama Canal,NA
MLI,Strait of Hormuz,NA
MLI,Suez Canal,NA
MLI,Taiwan Strait,NA
MLT,Gibraltar Strait,NA
MLT,Malacca Strait,NA
MLT,Panama Canal,NA
MLT,Strait of Hormuz,NA
MLT,Suez Canal,NA
MLT,Taiwan Strait,NA
MMR,Gibraltar Strait,NA
MMR,Malacca Strait,NA
MMR,Panama Canal,NA
MMR,Strait of Hormuz,NA
MMR,Suez Canal,NA
MMR,Taiwan Strait,NA
MNE,Gibraltar Strait,NA
MNE,Malacca Strait,NA
MNE,Panama Canal,NA
MNE,Strait of Hormuz,NA
MNE,Suez Canal,NA
MNE,Taiwan Strait,NA
MNG,Gibraltar Strait,NA
MNG,Malacca Strait,NA
MNG,Panama Canal,NA
MNG,Strait of Hormuz,NA
MNG,Suez Canal,NA
MNG,Taiwan Strait,NA
MNP,Gibraltar Strait,NA
MNP,Malacca Strait,NA
MNP,Panama Canal,NA
MNP,Strait of Hormuz,NA
MNP,Suez Canal,NA
MNP,Taiwan Strait,NA
MOZ,Gibraltar Strait,NA
MOZ,Malacca Strait,NA
MOZ,Panama Canal,NA
MOZ,Strait of Hormuz,NA
MOZ,Suez Canal,NA
MOZ,Taiwan Strait,NA
MRT,Gibraltar Strait,NA
MRT,Malacca Strait,NA
MRT,Panama Canal,NA
MRT,Strait of Hormuz,NA
MRT,Suez Canal,NA
MRT,Taiwan Strait,NA
MSR,Gibraltar Strait,NA
MSR,Malacca Strait,NA
MSR,Panama Canal,NA
MSR,Strait of Hormuz,NA
MSR,Suez Canal,NA
MSR,Taiwan Strait,NA
MUS,Gibraltar Strait,NA
MUS,Malacca Strait,NA
MUS,Panama Canal,NA
MUS,Strait of Hormuz,NA
MUS,Suez Canal,NA
MUS,Taiwan Strait,NA
MWI,Gibraltar Strait,NA
MWI,Malacca Strait,NA
MWI,Panama Canal,NA
MWI,Strait of Hormuz,NA
MWI,Suez Canal,NA
MWI,Taiwan Strait,NA
MYS,Gibraltar Strait,21.986088465406663
MYS,Malacca Strait,84.4355232695202
MYS,Panama Canal,1.8478385318572041
MYS,Strait of Hormuz,20.898072037455634
MYS,Suez Canal,36.68785799677258
MYS,Taiwan Strait,36.34256343970278
NCL,Gibraltar Strait,NA
NCL,Malacca Strait,NA
NCL,Panama Canal,NA
NCL,Strait of Hormuz,NA
NCL,Suez Canal,NA
NCL,Taiwan Strait,NA
NER,Gibraltar Strait,NA
NER,Malacca Strait,NA
NER,Panama Canal,NA
NER,Strait of Hormuz,NA
NER,Suez Canal,NA
NER,Taiwan Strait,NA
NGA,Gibraltar Strait,NA
NGA,Malacca Strait,NA
NGA,Panama Canal,NA
NGA,Strait of Hormuz,NA
NGA,Suez Canal,NA
NGA,Taiwan Strait,NA
NIC,Gibraltar Strait,NA
NIC,Malacca Strait,NA
NIC,Panama Canal,NA
NIC,Strait of Hormuz,NA
NIC,Suez Canal,NA
NIC,Taiwan Strait,NA
NLD,Gibraltar Strait,351.18268042684923
NLD,Malacca Strait,49.32882304593694
NLD,Panama Canal,26.47166999490166
NLD,Strait of Hormuz,33.423678785025736
NLD,Suez Canal,214.2480252567825
NLD,Taiwan Strait,14.744712346875364
NOR,Gibraltar Strait,34.63716123174952
NOR,Malacca Strait,4.9219550171851285
NOR,Panama Canal,0.5815010723176202
NOR,Strait of Hormuz,0.2766693466091449
NOR,Suez Canal,16.529132340052925
NOR,Taiwan Strait,4.4120136471733
NPL,Gibraltar Strait,NA
NPL,Malacca Strait,NA
NPL,Panama Canal,NA
NPL,Strait of Hormuz,NA
NPL,Suez Canal,NA
NPL,Taiwan Strait,NA
NRU,Gibraltar Strait,NA
NRU,Malacca Strait,NA
NRU,Panama Canal,NA
NRU,Strait of Hormuz,NA
NRU,Suez Canal,NA
NRU,Taiwan Strait,NA
NZL,Gibraltar Strait,0.47543340151747815
NZL,Malacca Strait,0.897800321323214
NZL,Panama Canal,1.180705493894838
NZL,Strait of Hormuz,1.2674426876728064
NZL,Suez Canal,1.0029626194673995
NZL,Taiwan Strait,1.571863092968723
OMN,Gibraltar Strait,NA
OMN,Malacca Strait,NA
OMN,Panama Canal,NA
OMN,Strait of Hormuz,NA
OMN,Suez Canal,NA
OMN,Taiwan Strait,NA
PAK,Gibraltar Strait,0
PAK,Malacca Strait,0
PAK,Panama Canal,0
PAK,Strait of Hormuz,0
PAK,Suez Canal,0
PAK,Taiwan Strait,0
PAN,Gibraltar Strait,NA
PAN,Malacca Strait,NA
PAN,Panama Canal,NA
PAN,Strait of Hormuz,NA
PAN,Suez Canal,NA
PAN,Taiwan Strait,NA
PER,Gibraltar Strait,10.842546458617159
PER,Malacca Strait,0.9024676575470216
PER,Panama Canal,114.33618699948276
PER,Strait of Hormuz,1.118875613758444
PER,Suez Canal,1.9351321492753708
PER,Taiwan Strait,23.56711816357179
PHL,Gibraltar Strait,0
PHL,Malacca Strait,0
PHL,Panama Canal,0
PHL,Strait of Hormuz,0
PHL,Suez Canal,0
PHL,Taiwan Strait,0
PLW,Gibraltar Strait,NA
PLW,Malacca Strait,NA
PLW,Panama Canal,NA
PLW,Strait of Hormuz,NA
PLW,Suez Canal,NA
PLW,Taiwan Strait,NA
PNG,Gibraltar Strait,NA
PNG,Malacca Strait,NA
PNG,Panama Canal,NA
PNG,Strait of Hormuz,NA
PNG,Suez Canal,NA
PNG,Taiwan Strait,NA
POL,Gibraltar Strait,340.7968204915419
POL,Malacca Strait,54.39759089946554
POL,Panama Canal,11.973751324374065
POL,Strait of Hormuz,58.95478912292995
POL,Suez Canal,303.364454336954
POL,Taiwan Strait,14.081981407952789
PRK,Gibraltar Strait,NA
PRK,Malacca Strait,NA
PRK,Panama Canal,NA
PRK,Strait of Hormuz,NA
PRK,Suez Canal,NA
PRK,Taiwan Strait,NA
PRT,Gibraltar Strait,507.329882863257
PRT,Malacca Strait,15.699729531451581
PRT,Panama Canal,17.859352052102796
PRT,Strait of Hormuz,8.249680526208968
PRT,Suez Canal,75.3517962717142
PRT,Taiwan Strait,8.949107883679183
PRY,Gibraltar Strait,NA
PRY,Malacca Strait,NA
PRY,Panama Canal,NA
PRY,Strait of Hormuz,NA
PRY,Suez Canal,NA
PRY,Taiwan Strait,NA
PSE,Gibraltar Strait,NA
PSE,Malacca Strait,NA
PSE,Panama Canal,NA
PSE,Strait of Hormuz,NA
PSE,Suez Canal,NA
PSE,Taiwan Strait,NA
PYF,Gibraltar Strait,NA
PYF,Malacca Strait,NA
PYF,Panama Canal,NA
PYF,Strait of Hormuz,NA
PYF,Suez Canal,NA
PYF,Taiwan Strait,NA
QAT,Gibraltar Strait,20.229634463588212
QAT,Malacca Strait,33.88914611683302
QAT,Panama Canal,0.21697305093208882
QAT,Strait of Hormuz,281.83305327306397
QAT,Suez Canal,34.162584349425245
QAT,Taiwan Strait,21.947342532139963
ROU,Gibraltar Strait,17.642729594089612
ROU,Malacca Strait,1.714417197171884
ROU,Panama Canal,0.5657107179622161
ROU,Strait of Hormuz,2.9911342430554133
ROU,Suez Canal,18.457044544440482
ROU,Taiwan Strait,1.0229909241716098
RUS,Gibraltar Strait,1098.062893153837
RUS,Malacca Strait,1358.6605291373605
RUS,Panama Canal,97.34023594578424
RUS,Strait of Hormuz,31.326609157597304
RUS,Suez Canal,4949.742970512074
RUS,Taiwan Strait,1153.7414138823463
RWA,Gibraltar Strait,NA
RWA,Malacca Strait,NA
RWA,Panama Canal,NA
RWA,Strait of Hormuz,NA
RWA,Suez Canal,NA
RWA,Taiwan Strait,NA
SAU,Gibraltar Strait,96.02656056005645
SAU,Malacca Strait,129.85685584228787
SAU,Panama Canal,6.416617844899884
SAU,Strait of Hormuz,760.5548991984199
SAU,Suez Canal,131.8184680962475
SAU,Taiwan Strait,98.87708672574443
SDN,Gibraltar Strait,NA
SDN,Malacca Strait,NA
SDN,Panama Canal,NA
SDN,Strait of Hormuz,NA
SDN,Suez Canal,NA
SDN,Taiwan Strait,NA
SEN,Gibraltar Strait,NA
SEN,Malacca Strait,NA
SEN,Panama Canal,NA
SEN,Strait of Hormuz,NA
SEN,Suez Canal,NA
SEN,Taiwan Strait,NA
SGP,Gibraltar Strait,61.71447285272299
SGP,Malacca Strait,69.78537626670884
SGP,Panama Canal,0.21383628632538418
SGP,Strait of Hormuz,92.58086779149176
SGP,Suez Canal,70.166401380181
SGP,Taiwan Strait,14.74957363241468
SLB,Gibraltar Strait,NA
SLB,Malacca Strait,NA
SLB,Panama Canal,NA
SLB,Strait of Hormuz,NA
SLB,Suez Canal,NA
SLB,Taiwan Strait,NA
SLE,Gibraltar Strait,NA
SLE,Malacca Strait,NA
SLE,Panama Canal,NA
SLE,Strait of Hormuz,NA
SLE,Suez Canal,NA
SLE,Taiwan Strait,NA
SLV,Gibraltar Strait,NA
SLV,Malacca Strait,NA
SLV,Panama Canal,NA
SLV,Strait of Hormuz,NA
SLV,Suez Canal,NA
SLV,Taiwan Strait,NA
SOM,Gibraltar Strait,NA
SOM,Malacca Strait,NA
SOM,Panama Canal,NA
SOM,Strait of Hormuz,NA
SOM,Suez Canal,NA
SOM,Taiwan Strait,NA
SRB,Gibraltar Strait,NA
SRB,Malacca Strait,NA
SRB,Panama Canal,NA
SRB,Strait of Hormuz,NA
SRB,Suez Canal,NA
SRB,Taiwan Strait,NA
SSD,Gibraltar Strait,NA
SSD,Malacca Strait,NA
SSD,Panama Canal,NA
SSD,Strait of Hormuz,NA
SSD,Suez Canal,NA
SSD,Taiwan Strait,NA
STP,Gibraltar Strait,NA
STP,Malacca Strait,NA
STP,Panama Canal,NA
STP,Strait of Hormuz,NA
STP,Suez Canal,NA
STP,Taiwan Strait,NA
SUR,Gibraltar Strait,NA
SUR,Malacca Strait,NA
SUR,Panama Canal,NA
SUR,Strait of Hormuz,NA
SUR,Suez Canal,NA
SUR,Taiwan Strait,NA
SVK,Gibraltar Strait,0
SVK,Malacca Strait,0
SVK,Panama Canal,0
SVK,Strait of Hormuz,0
SVK,Suez Canal,0
SVK,Taiwan Strait,0
SVN,Gibraltar Strait,0.4985145347023326
SVN,Malacca Strait,0.06025505597639071
SVN,Panama Canal,0.10765569684554015
SVN,Strait of Hormuz,0.020274813440707504
SVN,Suez Canal,0.33772778693383804
SVN,Taiwan Strait,0.024812185860647967
SWE,Gibraltar Strait,478.6215550038987
SWE,Malacca Strait,49.247571711346794
SWE,Panama Canal,22.801401230761122
SWE,Strait of Hormuz,91.6347770322991
SWE,Suez Canal,277.3345019634744
SWE,Taiwan Strait,14.139948632425792
SXM,Gibraltar Strait,NA
SXM,Malacca Strait,NA
SXM,Panama Canal,NA
SXM,Strait of Hormuz,NA
SXM,Suez Canal,NA
SXM,Taiwan Strait,NA
SYC,Gibraltar Strait,NA
SYC,Malacca Strait,NA
SYC,Panama Canal,NA
SYC,Strait of Hormuz,NA
SYC,Suez Canal,NA
SYC,Taiwan Strait,NA
TCA,Gibraltar Strait,NA
TCA,Malacca Strait,NA
TCA,Panama Canal,NA
TCA,Strait of Hormuz,NA
TCA,Suez Canal,NA
TCA,Taiwan Strait,NA
TCD,Gibraltar Strait,NA
TCD,Malacca Strait,NA
TCD,Panama Canal,NA
TCD,Strait of Hormuz,NA
TCD,Suez Canal,NA
TCD,Taiwan Strait,NA
TGO,Gibraltar Strait,NA
TGO,Malacca Strait,NA
TGO,Panama Canal,NA
TGO,Strait of Hormuz,NA
TGO,Suez Canal,NA
TGO,Taiwan Strait,NA
THA,Gibraltar Strait,261.69722926561326
THA,Malacca Strait,640.9178643506548
THA,Panama Canal,22.619050264178796
THA,Strait of Hormuz,305.37392585692936
THA,Suez Canal,378.3181432900558
THA,Taiwan Strait,270.97881693051295
TJK,Gibraltar Strait,NA
TJK,Malacca Strait,NA
TJK,Panama Canal,NA
TJK,Strait of Hormuz,NA
TJK,Suez Canal,NA
TJK,Taiwan Strait,NA
TKM,Gibraltar Strait,0.36711127365505763
TKM,Malacca Strait,3.277040153242885
TKM,Panama Canal,0.0015220058867971124
TKM,Strait of Hormuz,15.73002770762276
TKM,Suez Canal,2.1769821485482437
TKM,Taiwan Strait,3.2549416118791963
TLS,Gibraltar Strait,NA
TLS,Malacca Strait,NA
TLS,Panama Canal,NA
TLS,Strait of Hormuz,NA
TLS,Suez Canal,NA
TLS,Taiwan Strait,NA
TON,Gibraltar Strait,NA
TON,Malacca Strait,NA
TON,Panama Canal,NA
TON,Strait of Hormuz,NA
TON,Suez Canal,NA
TON,Taiwan Strait,NA
TTO,Gibraltar Strait,NA
TTO,Malacca Strait,NA
TTO,Panama Canal,NA
TTO,Strait of Hormuz,NA
TTO,Suez Canal,NA
TTO,Taiwan Strait,NA
TUN,Gibraltar Strait,NA
TUN,Malacca Strait,NA
TUN,Panama Canal,NA
TUN,Strait of Hormuz,NA
TUN,Suez Canal,NA
TUN,Taiwan Strait,NA
TUR,Gibraltar Strait,549.0860934988646
TUR,Malacca Strait,58.29878309694043
TUR,Panama Canal,56.806428941936304
TUR,Strait of Hormuz,118.64663356158906
TUR,Suez Canal,344.4558566889144
TUR,Taiwan Strait,29.177735775496746
TUV,Gibraltar Strait,NA
TUV,Malacca Strait,NA
TUV,Panama Canal,NA
TUV,Strait of Hormuz,NA
TUV,Suez Canal,NA
TUV,Taiwan Strait,NA
TWN,Gibraltar Strait,NA
TWN,Malacca Strait,NA
TWN,Panama Canal,NA
TWN,Strait of Hormuz,NA
TWN,Suez Canal,NA
TWN,Taiwan Strait,NA
TZA,Gibraltar Strait,NA
TZA,Malacca Strait,NA
TZA,Panama Canal,NA
TZA,Strait of Hormuz,NA
TZA,Suez Canal,NA
TZA,Taiwan Strait,NA
UGA,Gibraltar Strait,NA
UGA,Malacca Strait,NA
UGA,Panama Canal,NA
UGA,Strait of Hormuz,NA
UGA,Suez Canal,NA
UGA,Taiwan Strait,NA
UKR,Gibraltar Strait,77.51067652790253
UKR,Malacca Strait,32.189282879070035
UKR,Panama Canal,5.594430783875571
UKR,Strait of Hormuz,9.97837062481644
UKR,Suez Canal,132.11850873960188
UKR,Taiwan Strait,22.1888221865667
URY,Gibraltar Strait,NA
URY,Malacca Strait,NA
URY,Panama Canal,NA
URY,Strait of Hormuz,NA
URY,Suez Canal,NA
URY,Taiwan Strait,NA
USA,Gibraltar Strait,27538.093635037498
USA,Malacca Strait,3376.6313898453336
USA,Panama Canal,29135.431260722307
USA,Strait of Hormuz,4539.364481216769
USA,Suez Canal,14464.201532141311
USA,Taiwan Strait,2235.8145930669725
UZB,Gibraltar Strait,0
UZB,Malacca Strait,0
UZB,Panama Canal,0
UZB,Strait of Hormuz,0
UZB,Suez Canal,0
UZB,Taiwan Strait,0
VCT,Gibraltar Strait,NA
VCT,Malacca Strait,NA
VCT,Panama Canal,NA
VCT,Strait of Hormuz,NA
VCT,Suez Canal,NA
VCT,Taiwan Strait,NA
VEN,Gibraltar Strait,NA
VEN,Malacca Strait,NA
VEN,Panama Canal,NA
VEN,Strait of Hormuz,NA
VEN,Suez Canal,NA
VEN,Taiwan Strait,NA
VGB,Gibraltar Strait,NA
VGB,Malacca Strait,NA
VGB,Panama Canal,NA
VGB,Strait of Hormuz,NA
VGB,Suez Canal,NA
VGB,Taiwan Strait,NA
VNM,Gibraltar Strait,22.83572080093862
VNM,Malacca Strait,28.590021057714598
VNM,Panama Canal,11.859548025014856
VNM,Strait of Hormuz,31.41523207812403
VNM,Suez Canal,32.79211026982028
VNM,Taiwan Strait,31.73074031708743
VUT,Gibraltar Strait,NA
VUT,Malacca Strait,NA
VUT,Panama Canal,NA
VUT,Strait of Hormuz,NA
VUT,Suez Canal,NA
VUT,Taiwan Strait,NA
WSM,Gibraltar Strait,NA
WSM,Malacca Strait,NA
WSM,Panama Canal,NA
WSM,Strait of Hormuz,NA
WSM,Suez Canal,NA
WSM,Taiwan Strait,NA
YEM,Gibraltar Strait,NA
YEM,Malacca Strait,NA
YEM,Panama Canal,NA
YEM,Strait of Hormuz,NA
YEM,Suez Canal,NA
YEM,Taiwan Strait,NA
ZAF,Gibraltar Strait,43.34015741801087
ZAF,Malacca Strait,28.59466558218357
ZAF,Panama Canal,0.708924976437884
ZAF,Strait of Hormuz,19.533642543660804
ZAF,Suez Canal,22.419364089929076
ZAF,Taiwan Strait,43.77191958861741
ZMB,Gibraltar Strait,NA
ZMB,Malacca Strait,NA
ZMB,Panama Canal,NA
ZMB,Strait of Hormuz,NA
ZMB,Suez Canal,NA
ZMB,Taiwan Strait,NA
ZWE,Gibraltar Strait,NA
ZWE,Malacca Strait,NA
ZWE,Panama Canal,NA
ZWE,Strait of Hormuz,NA
ZWE,Suez Canal,NA
ZWE,Taiwan Strait,NA
