"","product","value","quantity","exporter_iso3","importer_iso3","exporter_name","importer_name"
"1",270900,1.582,0.146,"ALB","CHN","Albania","China"
"2",270900,30.745,49.26,"ALB","GRC","Albania","Greece"
"3",270900,10112.894,21533.3,"ALB","ITA","Albania","Italy"
"4",270900,98322.135,224932,"ALB","ESP","Albania","Spain"
"5",270900,96921.278,151384,"DZA","AUS","Algeria","Australia"
"6",270900,113648.754,180448,"DZA","AUT","Algeria","Austria"
"7",270900,47949.106,66515.2,"DZA","BEL","Algeria","Belgium"
"8",270900,760715.198,1049808,"DZA","BRA","Algeria","Brazil"
"9",270900,2696937.925,4124765.945,"DZA","FRA","Algeria","France"
"10",270900,877281.863,1387647,"DZA","DEU","Algeria","Germany"
"11",270900,49682.417,80361.2,"DZA","GRC","Algeria","Greece"
"12",270900,383269.196,612887,"DZA","IDN","Algeria","Indonesia"
"13",270900,627488.438,1018480,"DZA","ITA","Algeria","Italy"
"14",270900,1131637.205,1634336,"DZA","KOR","Algeria","Rep. of Korea"
"15",270900,620703.853,963858,"DZA","LTU","Algeria","Lithuania"
"16",270900,844531.442,1346470,"DZA","NLD","Algeria","Netherlands"
"17",270900,64754.728,108086,"DZA","POL","Algeria","Poland"
"18",270900,1121057.62,1787360,"DZA","PRT","Algeria","Portugal"
"19",270900,832907.171,1199000,"DZA","IND","Algeria","India"
"20",270900,93734.686,133913,"DZA","ZAF","Algeria","South Africa"
"21",270900,1706335.822,2661550.8,"DZA","ESP","Algeria","Spain"
"22",270900,52703.588,95451,"DZA","CHE","Algeria","Switzerland"
"23",270900,753815.87,1135550,"DZA","GBR","Algeria","United Kingdom"
"24",270900,334329.462,628392.963,"DZA","USA","Algeria","USA"
"25",270900,0.275,0.008,"AGO","BEL","Angola","Belgium"
"26",270900,907990.649,1657052.15,"AGO","BRA","Angola","Brazil"
"27",270900,726888.33,8985.21,"AGO","CAN","Angola","Canada"
"28",270900,15334735.156,28721490,"AGO","CHN","Angola","China"
"29",270900,78379.253,982.066,"AGO","HRV","Angola","Croatia"
"30",270900,1652580.432,2515836.421,"AGO","FRA","Angola","France"
"31",270900,111050.492,195933.3,"AGO","DEU","Angola","Germany"
"32",270900,92885.257,1158.7,"AGO","GIB","Angola","Gibraltar"
"33",270900,1694181.307,2735464.998,"AGO","IDN","Angola","Indonesia"
"34",270900,78189.282,950.514,"AGO","ISR","Angola","Israel"
"35",270900,497261.375,915505,"AGO","ITA","Angola","Italy"
"36",270900,382934.234,514375.025,"AGO","MYS","Angola","Malaysia"
"37",270900,587582.402,1093030.002,"AGO","NLD","Angola","Netherlands"
"38",270900,63973.515,126259.994,"AGO","PRT","Angola","Portugal"
"39",270900,3513662.705,4784410.894,"AGO","IND","Angola","India"
"40",270900,596452.733,1125360,"AGO","SGP","Angola","Singapore"
"41",270900,229125.338,2976.45,"AGO","VNM","Angola","Viet Nam"
"42",270900,791114.376,1231437.064,"AGO","ZAF","Angola","South Africa"
"43",270900,2217656.153,3556594.648,"AGO","ESP","Angola","Spain"
"44",270900,232533.907,296366.613,"AGO","THA","Angola","Thailand"
"45",270900,467044.552,712197.555,"AGO","GBR","Angola","United Kingdom"
"46",270900,1601057.889,2800223.272,"AGO","USA","Angola","USA"
"47",270900,0.154,0.005,"ATG","MSR","Antigua and Barbuda","Montserrat"
"48",270900,35524.953,60432.7,"AZE","AUS","Azerbaijan","Australia"
"49",270900,47903.691,113094.566,"AZE","AUT","Azerbaijan","Austria"
"50",270900,0.022,0.005,"AZE","BEL","Azerbaijan","Belgium"
"51",270900,79913.226,108898.761,"AZE","BGR","Azerbaijan","Bulgaria"
"52",270900,981389.031,1498858.29,"AZE","HRV","Azerbaijan","Croatia"
"53",270900,1354874.055,1897060.262,"AZE","CZE","Azerbaijan","Czechia"
"54",270900,88203.847,173672.476,"AZE","FRA","Azerbaijan","France"
"55",270900,841994.231,1211523.846,"AZE","DEU","Azerbaijan","Germany"
"56",270900,353153.096,434283.945,"AZE","GRC","Azerbaijan","Greece"
"57",270900,183971.815,311542.959,"AZE","IDN","Azerbaijan","Indonesia"
"58",270900,118773.065,227685.443,"AZE","IRL","Azerbaijan","Ireland"
"59",270900,713268.028,1173000,"AZE","ISR","Azerbaijan","Israel"
"60",270900,5069766.291,10235623.151,"AZE","ITA","Azerbaijan","Italy"
"61",270900,106838.994,168986,"AZE","NLD","Azerbaijan","Netherlands"
"62",270900,57363.558,90150.5,"AZE","POL","Azerbaijan","Poland"
"63",270900,707222.018,1042103.246,"AZE","PRT","Azerbaijan","Portugal"
"64",270900,647126.969,750197,"AZE","ROU","Azerbaijan","Romania"
"65",270900,151905.175,308421.332,"AZE","SRB","Azerbaijan","Serbia"
"66",270900,730749.583,1165170.34,"AZE","IND","Azerbaijan","India"
"67",270900,106644.992,166240,"AZE","SVK","Azerbaijan","Slovakia"
"68",270900,77885.766,138495,"AZE","VNM","Azerbaijan","Viet Nam"
"69",270900,118261.925,240169.06,"AZE","ESP","Azerbaijan","Spain"
"70",270900,254168.919,377293.003,"AZE","THA","Azerbaijan","Thailand"
"71",270900,279670.095,570500.315,"AZE","TUN","Azerbaijan","Tunisia"
"72",270900,232411.457,430522,"AZE","TUR","Azerbaijan","TÃ¼rkiye"
"73",270900,239637.815,659516,"AZE","GBR","Azerbaijan","United Kingdom"
"74",270900,95682.195,145973.276,"AZE","URY","Azerbaijan","Uruguay"
"75",270900,492.605,893.195,"AZE","UZB","Azerbaijan","Uzbekistan"
"76",270900,47551.452,92149.2,"ARG","AUS","Argentina","Australia"
"77",270900,83482.546,132904.143,"ARG","BOL","Argentina","Bolivia (Plurinational State of)"
"78",270900,520045.942,838362.108,"ARG","BRA","Argentina","Brazil"
"79",270900,2135802.606,3660608.497,"ARG","CHL","Argentina","Chile"
"80",270900,17790.061,30000,"ARG","CHN","Argentina","China"
"81",270900,0.233,0.041,"ARG","KOR","Argentina","Rep. of Korea"
"82",270900,96074.362,149373,"ARG","MYS","Argentina","Malaysia"
"83",270900,109539.547,222771.198,"ARG","NLD","Argentina","Netherlands"
"84",270900,55083.888,87125.4,"ARG","PAN","Argentina","Panama"
"85",270900,270669.021,427933.491,"ARG","PER","Argentina","Peru"
"86",270900,1842225.388,3423119.955,"ARG","USA","Argentina","USA"
"87",270900,204631.644,356284.889,"ARG","URY","Argentina","Uruguay"
"88",270900,556654.714,841358.668,"AUS","BRN","Australia","Brunei Darussalam"
"89",270900,0.052,0.083,"AUS","CAN","Australia","Canada"
"90",270900,356580.997,591115.121,"AUS","CHN","Australia","China"
"91",270900,19.302,0.007,"AUS","DNK","Australia","Denmark"
"92",270900,0.298,0.871,"AUS","FJI","Australia","Fiji"
"93",270900,23730.858,39000,"AUS","FRA","Australia","France"
"94",270900,744433.051,1129667.239,"AUS","IDN","Australia","Indonesia"
"95",270900,257246.558,371569.927,"AUS","JPN","Australia","Japan"
"96",270900,2125857.737,3094317.56,"AUS","KOR","Australia","Rep. of Korea"
"97",270900,106454.927,524756.643,"AUS","MYS","Australia","Malaysia"
"98",270900,32193.989,49409.3,"AUS","NLD","Australia","Netherlands"
"99",270900,8.876,3.075,"AUS","NCL","Australia","New Caledonia"
"100",270900,9.298,6.19,"AUS","NZL","Australia","New Zealand"
"101",270900,19.097,1.41,"AUS","PNG","Australia","Papua New Guinea"
"102",270900,0.213,0.022,"AUS","IND","Australia","India"
"103",270900,875579.482,2231691.531,"AUS","SGP","Australia","Singapore"
"104",270900,1067866.747,1456085.38,"AUS","THA","Australia","Thailand"
"105",270900,290759,578114,"AUS","ARE","Australia","United Arab Emirates"
"106",270900,3.794,0.14,"AUT","HUN","Austria","Hungary"
"107",270900,0.046,0.005,"AUT","ISL","Austria","Iceland"
"108",270900,3199.774,2548.7,"AUT","ITA","Austria","Italy"
"109",270900,0.001,0.001,"AUT","NLD","Austria","Netherlands"
"110",270900,0.451,0.316,"AUT","SVN","Austria","Slovenia"
"111",270900,0.444,0.013,"BHR","BEL","Bahrain","Belgium"
"112",270900,0.386,0.016,"BHR","CHN","Bahrain","China"
"113",270900,0.061,0.002,"BHR","FRA","Bahrain","France"
"114",270900,13633.48,24238,"BRB","JAM","Barbados","Jamaica"
"115",270900,0.189,0.298,"BRB","SWE","Barbados","Sweden"
"116",270900,6.423,0.4,"BEL","CZE","Belgium","Czechia"
"117",270900,322.067,179.978,"BEL","FRA","Belgium","France"
"118",270900,0.972,0.019,"BEL","CIV","Belgium","CÃ´te d'Ivoire"
"119",270900,0.002,0.001,"BEL","JPN","Belgium","Japan"
"120",270900,0.265,0.057,"BEL","KOR","Belgium","Rep. of Korea"
"121",270900,0.705,0.148,"BEL","LUX","Belgium","Luxembourg"
"122",270900,0.002,0.002,"BEL","MEX","Belgium","Mexico"
"123",270900,800568.491,852092.642,"BEL","NLD","Belgium","Netherlands"
"124",270900,0.255,0.008,"BEL","PHL","Belgium","Philippines"
"125",270900,4579.004,12100.2,"BEL","QAT","Belgium","Qatar"
"126",270900,0.758,0.01,"BEL","ROU","Belgium","Romania"
"127",270900,0.024,0.015,"BEL","SGP","Belgium","Singapore"
"128",270900,10.733,5.698,"BEL","ESP","Belgium","Spain"
"129",270900,0.767,NA,"BEL","CHE","Belgium","Switzerland"
"130",270900,0.002,NA,"BEL","TUR","Belgium","TÃ¼rkiye"
"131",270900,0.092,0.158,"BEL","GBR","Belgium","United Kingdom"
"132",270900,0.243,0.727,"BEL","USA","Belgium","USA"
"133",270900,1564.924,3036.653,"BOL","BRA","Bolivia (Plurinational State of)","Brazil"
"134",270900,4664.39,7881.027,"BIH","SRB","Bosnia Herzegovina","Serbia"
"135",270900,66466.808,68622.861,"BRA","AUS","Brazil","Australia"
"136",270900,18511.266,29621,"BRA","AUT","Brazil","Austria"
"137",270900,0.003,0.004,"BRA","BEL","Brazil","Belgium"
"138",270900,2262297.207,3918752.238,"BRA","CHL","Brazil","Chile"
"139",270900,20258438.708,39432535.812,"BRA","CHN","Brazil","China"
"140",270900,405.6,125.113,"BRA","COL","Brazil","Colombia"
"141",270900,1.11,0.174,"BRA","DOM","Brazil","Dominican Rep."
"142",270900,588815.009,1046805.781,"BRA","FRA","Brazil","France"
"143",270900,308609.518,518371,"BRA","DEU","Brazil","Germany"
"144",270900,78729.593,128185,"BRA","IDN","Brazil","Indonesia"
"145",270900,215890.164,416536,"BRA","ISR","Brazil","Israel"
"146",270900,298450.599,626242.918,"BRA","ITA","Brazil","Italy"
"147",270900,134235.787,237662,"BRA","JAM","Brazil","Jamaica"
"148",270900,1637609.796,2786922.909,"BRA","KOR","Brazil","Rep. of Korea"
"149",270900,1209586.713,2226932.172,"BRA","MYS","Brazil","Malaysia"
"150",270900,3485736.279,6431348.624,"BRA","NLD","Brazil","Netherlands"
"151",270900,0.248,0.475,"BRA","NOR","Brazil","Norway"
"152",270900,0.237,0.008,"BRA","PRY","Brazil","Paraguay"
"153",270900,453209.075,792067.972,"BRA","PER","Brazil","Peru"
"154",270900,2603353.107,4466050.932,"BRA","PRT","Brazil","Portugal"
"155",270900,47982.952,60500.9,"BRA","QAT","Brazil","Qatar"
"156",270900,55566,144001,"BRA","LCA","Brazil","Saint Lucia"
"157",270900,1124190.989,2439501.28,"BRA","IND","Brazil","India"
"158",270900,1720006.064,3102994.113,"BRA","SGP","Brazil","Singapore"
"159",270900,0.044,0.034,"BRA","ZAF","Brazil","South Africa"
"160",270900,4296964.26,9295703.7,"BRA","ESP","Brazil","Spain"
"161",270900,233788.042,711787.395,"BRA","THA","Brazil","Thailand"
"162",270900,81463.523,217553.1,"BRA","ARE","Brazil","United Arab Emirates"
"163",270900,50461.356,39177.583,"BRA","GBR","Brazil","United Kingdom"
"164",270900,6229452.772,12233598.983,"BRA","USA","Brazil","USA"
"165",270900,15096.95,24034.332,"VGB","BOL","Br. Virgin Isds","Bolivia (Plurinational State of)"
"166",270900,516946.562,941587.019,"BRN","AUS","Brunei Darussalam","Australia"
"167",270900,312226.455,460517.849,"BRN","IDN","Brunei Darussalam","Indonesia"
"168",270900,103074.073,190093.154,"BRN","JPN","Brunei Darussalam","Japan"
"169",270900,70036.225,99930.272,"BRN","MYS","Brunei Darussalam","Malaysia"
"170",270900,22556.226,41501.566,"BRN","PHL","Brunei Darussalam","Philippines"
"171",270900,231417.658,347592.475,"BRN","IND","Brunei Darussalam","India"
"172",270900,243798.781,429987.572,"BRN","SGP","Brunei Darussalam","Singapore"
"173",270900,98486.815,162817,"BRN","VNM","Brunei Darussalam","Viet Nam"
"174",270900,492216.14,738495.894,"BRN","THA","Brunei Darussalam","Thailand"
"175",270900,0.001,0.002,"MMR","THA","Myanmar","Thailand"
"176",270900,0.001,NA,"CMR","BEL","Cameroon","Belgium"
"177",270900,767672.576,1296420.5,"CMR","CHN","Cameroon","China"
"178",270900,97748.245,182248.009,"CMR","FRA","Cameroon","France"
"179",270900,223891.041,402035.3,"CMR","DEU","Cameroon","Germany"
"180",270900,322472.671,570781,"CMR","ITA","Cameroon","Italy"
"181",270900,549298.642,910317.5,"CMR","MYS","Cameroon","Malaysia"
"182",270900,510251.975,828398,"CMR","NLD","Cameroon","Netherlands"
"183",270900,90108.953,139500,"CMR","GBR","Cameroon","United Kingdom"
"184",270900,136876.084,264124.44,"CMR","USA","Cameroon","USA"
"185",270900,0.072,0.002,"CAN","AGO","Canada","Angola"
"186",270900,0.106,0.007,"CAN","BEL","Canada","Belgium"
"187",270900,37212.768,80606.3,"CAN","BRN","Canada","Brunei Darussalam"
"188",270900,1727064.05,4793483.184,"CAN","CHN","Canada","China"
"189",270900,0.003,0.005,"CAN","FIN","Canada","Finland"
"190",270900,208893.43,356406.155,"CAN","FRA","Canada","France"
"191",270900,475893.024,862001.051,"CAN","DEU","Canada","Germany"
"192",270900,305836.94,551085.295,"CAN","HKG","Canada","China, Hong Kong SAR"
"193",270900,0.011,0.01,"CAN","HUN","Canada","Hungary"
"194",270900,0.593,0.015,"CAN","IDN","Canada","Indonesia"
"195",270900,17897.563,38984.3,"CAN","JPN","Canada","Japan"
"196",270900,94445.783,175660.31,"CAN","KOR","Canada","Rep. of Korea"
"197",270900,0.962,NA,"CAN","NAM","Canada","Namibia"
"198",270900,924274.605,1492089.002,"CAN","NLD","Canada","Netherlands"
"199",270900,0.585,0.051,"CAN","PER","Canada","Peru"
"200",270900,49017.321,96627.818,"CAN","ROU","Canada","Romania"
"201",270900,705096,867578.94,"CAN","IND","Canada","India"
"202",270900,406934.363,733251.985,"CAN","SGP","Canada","Singapore"
"203",270900,2.261,0.22,"CAN","SVK","Canada","Slovakia"
"204",270900,700528.132,1125928.373,"CAN","ESP","Canada","Spain"
"205",270900,575402.342,949766.812,"CAN","GBR","Canada","United Kingdom"
"206",270900,102279802.104,205343265.029,"CAN","USA","Canada","USA"
"207",270900,3.432,0.12,"LKA","MDV","Sri Lanka","Maldives"
"208",270900,744700.015,1214666.4,"TCD","CHN","Chad","China"
"209",270900,638192.848,1128103.905,"TCD","FRA","Chad","France"
"210",270900,983332.284,1750370,"TCD","DEU","Chad","Germany"
"211",270900,144162.725,268389,"TCD","MYS","Chad","Malaysia"
"212",270900,101411.121,201260,"TCD","S19","Chad","Other Asia, nes"
"213",270900,488479.632,792486,"TCD","NLD","Chad","Netherlands"
"214",270900,78216.077,148875.993,"TCD","USA","Chad","USA"
"215",270900,0.092,NA,"CHL","BEL","Chile","Belgium"
"216",270900,10113.086,22043.56,"CHL","NLD","Chile","Netherlands"
"217",270900,0.032,0.007,"CHN","BEL","China","Belgium"
"218",270900,0.327,0.521,"CHN","CAN","China","Canada"
"219",270900,0.508,0.535,"CHN","LKA","China","Sri Lanka"
"220",270900,0.664,0.322,"CHN","COL","China","Colombia"
"221",270900,8.065,0.576,"CHN","CRI","China","Costa Rica"
"222",270900,0.178,0.003,"CHN","DNK","China","Denmark"
"223",270900,60.204,47.425,"CHN","FJI","China","Fiji"
"224",270900,1.781,2.623,"CHN","FRA","China","France"
"225",270900,4.911,0.756,"CHN","GTM","China","Guatemala"
"226",270900,137453.452,264059,"CHN","HKG","China","China, Hong Kong SAR"
"227",270900,43944.757,81277.9,"CHN","IDN","China","Indonesia"
"228",270900,289951.377,494485,"CHN","JPN","China","Japan"
"229",270900,0.582,0.058,"CHN","KEN","China","Kenya"
"230",270900,9878.91,31054.262,"CHN","KOR","China","Rep. of Korea"
"231",270900,2.551,1.902,"CHN","MWI","China","Malawi"
"232",270900,16411.922,97341.182,"CHN","MYS","China","Malaysia"
"233",270900,0.027,0.042,"CHN","NLD","China","Netherlands"
"234",270900,58.82,5,"CHN","NZL","China","New Zealand"
"235",270900,51857.632,116045.174,"CHN","SGP","China","Singapore"
"236",270900,1.637,4.453,"CHN","ZWE","China","Zimbabwe"
"237",270900,0.322,1.05,"CHN","TZA","China","United Rep. of Tanzania"
"238",270900,0.001,NA,"CHN","WSM","China","Samoa"
"239",270900,1.805,3.304,"CHN","ZMB","China","Zambia"
"240",270900,107246.788,220574,"COL","BHS","Colombia","Bahamas"
"241",270900,15480.688,28385.5,"COL","BRN","Colombia","Brunei Darussalam"
"242",270900,36443.349,71830.559,"COL","CAN","Colombia","Canada"
"243",270900,892689.775,2244951.935,"COL","CHN","Colombia","China"
"244",270900,23299.827,53558.8,"COL","ITA","Colombia","Italy"
"245",270900,257227.817,507076.264,"COL","CIV","Colombia","CÃ´te d'Ivoire"
"246",270900,158695.17,322056,"COL","JAM","Colombia","Jamaica"
"247",270900,266108.761,575017.134,"COL","NLD","Colombia","Netherlands"
"248",270900,3879640.213,8107310,"COL","PAN","Colombia","Panama"
"249",270900,87165.524,167390.552,"COL","PER","Colombia","Peru"
"250",270900,65460.896,119869,"COL","PHL","Colombia","Philippines"
"251",270900,2747.72,7260.96,"COL","QAT","Colombia","Qatar"
"252",270900,1703972.622,3624946.822,"COL","IND","Colombia","India"
"253",270900,3.355,NA,"COL","ESP","Colombia","Spain"
"254",270900,4937313.02,9959963.586,"COL","USA","Colombia","USA"
"255",270900,97712.151,129462,"COG","BRA","Congo","Brazil"
"256",270900,3923926.991,6551079,"COG","CHN","Congo","China"
"257",270900,15824.772,26454.61,"COG","FRA","Congo","France"
"258",270900,139614.697,265370,"COG","ITA","Congo","Italy"
"259",270900,178620.762,238585.1,"COG","MYS","Congo","Malaysia"
"260",270900,90246.283,152862,"COG","NLD","Congo","Netherlands"
"261",270900,146989.666,268000,"COG","ROU","Congo","Romania"
"262",270900,88551.331,122893,"COG","IND","Congo","India"
"263",270900,221782.761,357499,"COG","SGP","Congo","Singapore"
"264",270900,382536.362,532694.3,"COG","THA","Congo","Thailand"
"265",270900,141579.402,239622,"COG","GBR","Congo","United Kingdom"
"266",270900,69176.124,124536,"COD","BRA","Dem. Rep. of the Congo","Brazil"
"267",270900,154086.45,244260,"COD","CHN","Dem. Rep. of the Congo","China"
"268",270900,62030.86,89916.4,"COD","FRA","Dem. Rep. of the Congo","France"
"269",270900,313272.065,510710,"COD","IND","Dem. Rep. of the Congo","India"
"270",270900,0.007,NA,"HRV","CAN","Croatia","Canada"
"271",270900,194302.345,524870.193,"HRV","HUN","Croatia","Hungary"
"272",270900,3874.662,4982.33,"HRV","ITA","Croatia","Italy"
"273",270900,323216.183,530497,"HRV","SVK","Croatia","Slovakia"
"274",270900,0.168,0.119,"HRV","SVN","Croatia","Slovenia"
"275",270900,0.024,0.038,"CUB","CAN","Cuba","Canada"
"276",270900,34591.822,64215.1,"CYP","NLD","Cyprus","Netherlands"
"277",270900,0.154,0.002,"CZE","AUT","Czechia","Austria"
"278",270900,32.163,6.046,"CZE","BEL","Czechia","Belgium"
"279",270900,0.91,NA,"CZE","BGR","Czechia","Bulgaria"
"280",270900,0.016,0.003,"CZE","FIN","Czechia","Finland"
"281",270900,1.318,0.033,"CZE","DEU","Czechia","Germany"
"282",270900,8.399,2.125,"CZE","MDA","Czechia","Rep. of Moldova"
"283",270900,0.103,0.104,"CZE","NLD","Czechia","Netherlands"
"284",270900,10.122,0.975,"CZE","SVK","Czechia","Slovakia"
"285",270900,0.015,0.002,"CZE","TKM","Czechia","Turkmenistan"
"286",270900,0.008,0.001,"BEN","DNK","Benin","Denmark"
"287",270900,17485.446,26817.2,"DNK","BEL","Denmark","Belgium"
"288",270900,54744.155,100960.554,"DNK","FIN","Denmark","Finland"
"289",270900,12959.926,21258,"DNK","FRA","Denmark","France"
"290",270900,137147.724,189079.374,"DNK","DEU","Denmark","Germany"
"291",270900,0.913,NA,"DNK","GHA","Denmark","Ghana"
"292",270900,0.324,0.004,"DNK","ISL","Denmark","Iceland"
"293",270900,96466.519,199169.839,"DNK","NLD","Denmark","Netherlands"
"294",270900,3.399,0.629,"DNK","NOR","Denmark","Norway"
"295",270900,29750.019,51304.4,"DNK","SGP","Denmark","Singapore"
"296",270900,400269.133,627703.988,"DNK","SWE","Denmark","Sweden"
"297",270900,2.484,0.205,"DNK","UGA","Denmark","Uganda"
"298",270900,40.616,67.723,"DNK","GBR","Denmark","United Kingdom"
"299",270900,3.365,0.054,"DOM","AIA","Dominican Rep.","Anguilla"
"300",270900,513419.549,817363.492,"ECU","CAN","Ecuador","Canada"
"301",270900,551095.07,1123970.035,"ECU","CHL","Ecuador","Chile"
"302",270900,2985294.954,5678949,"ECU","CHN","Ecuador","China"
"303",270900,2.012,0.132,"ECU","COL","Ecuador","Colombia"
"304",270900,907491.256,1743501.3,"ECU","JPN","Ecuador","Japan"
"305",270900,172357.276,306853,"ECU","KOR","Ecuador","Rep. of Korea"
"306",270900,0.006,0.029,"ECU","NOR","Ecuador","Norway"
"307",270900,5306152.67,11714386.34,"ECU","PAN","Ecuador","Panama"
"308",270900,1030707.524,1958481.015,"ECU","PER","Ecuador","Peru"
"309",270900,110557.079,184649,"ECU","IND","Ecuador","India"
"310",270900,47514.454,79892.7,"ECU","SGP","Ecuador","Singapore"
"311",270900,1452973.171,3761570.852,"ECU","USA","Ecuador","USA"
"312",270900,0.278,NA,"SLV","BEL","El Salvador","Belgium"
"313",270900,778867.564,1225518.9,"GNQ","CHN","Equatorial Guinea","China"
"314",270900,91186.352,145742.6,"GNQ","FRA","Equatorial Guinea","France"
"315",270900,30126.518,50871,"GNQ","DEU","Equatorial Guinea","Germany"
"316",270900,171700.647,235148,"GNQ","IDN","Equatorial Guinea","Indonesia"
"317",270900,243233.903,407522,"GNQ","ITA","Equatorial Guinea","Italy"
"318",270900,75839.401,117126.7,"GNQ","KOR","Equatorial Guinea","Rep. of Korea"
"319",270900,77131.164,139102,"GNQ","NLD","Equatorial Guinea","Netherlands"
"320",270900,19122.476,28695,"GNQ","IND","Equatorial Guinea","India"
"321",270900,0.151,0.04,"GNQ","SGP","Equatorial Guinea","Singapore"
"322",270900,644955.2,1124960.076,"GNQ","ESP","Equatorial Guinea","Spain"
"323",270900,50298.358,59500,"GNQ","THA","Equatorial Guinea","Thailand"
"324",270900,79415.108,118048,"GNQ","GBR","Equatorial Guinea","United Kingdom"
"325",270900,0.231,0.162,"EST","LVA","Estonia","Latvia"
"326",270900,0.065,0.006,"EST","EGY","Estonia","Egypt"
"327",270900,69.694,42.9,"FJI","TUV","Fiji","Tuvalu"
"328",270900,0.051,0.142,"FIN","CAN","Finland","Canada"
"329",270900,1189.214,3142.55,"FIN","QAT","Finland","Qatar"
"330",270900,0.137,0.012,"FIN","GBR","Finland","United Kingdom"
"331",270900,0.022,0.002,"FRA","AGO","France","Angola"
"332",270900,956.119,63.58,"FRA","AUT","France","Austria"
"333",270900,76470.04,59748.815,"FRA","BEL","France","Belgium"
"334",270900,157129.529,244219.177,"FRA","BRA","France","Brazil"
"335",270900,0.356,0.005,"FRA","KHM","France","Cambodia"
"336",270900,0.116,0.021,"FRA","CAN","France","Canada"
"337",270900,0.014,0.02,"FRA","HRV","France","Croatia"
"338",270900,1498.601,2658.411,"FRA","DEU","France","Germany"
"339",270900,1.521,NA,"FRA","GRC","France","Greece"
"340",270900,1.132,1.66,"FRA","HUN","France","Hungary"
"341",270900,3004.429,NA,"FRA","IRL","France","Ireland"
"342",270900,900.44,914.114,"FRA","ITA","France","Italy"
"343",270900,0.064,0.003,"FRA","CIV","France","CÃ´te d'Ivoire"
"344",270900,0.229,0.043,"FRA","LUX","France","Luxembourg"
"345",270900,7.056,1.77,"FRA","MDA","France","Rep. of Moldova"
"346",270900,0.613,NA,"FRA","MOZ","France","Mozambique"
"347",270900,1580.734,5378.094,"FRA","NLD","France","Netherlands"
"348",270900,2.984,4.26,"FRA","NOR","France","Norway"
"349",270900,8.738,1.402,"FRA","PER","France","Peru"
"350",270900,0.146,0.216,"FRA","POL","France","Poland"
"351",270900,0.032,0.006,"FRA","IND","France","India"
"352",270900,0.005,0.005,"FRA","SGP","France","Singapore"
"353",270900,32335.831,48348.2,"FRA","ESP","France","Spain"
"354",270900,2357.06,4130,"FRA","CHE","France","Switzerland"
"355",270900,0.075,0.022,"FRA","ARE","France","United Arab Emirates"
"356",270900,3.214,0.409,"FRA","GBR","France","United Kingdom"
"357",270900,7100.552,12417.859,"FRA","USA","France","USA"
"358",270900,0.602,0.014,"GAB","BEL","Gabon","Belgium"
"359",270900,729513.892,1176755.2,"GAB","BRA","Gabon","Brazil"
"360",270900,1760804.87,2879881,"GAB","CHN","Gabon","China"
"361",270900,0.594,0.055,"GAB","FRA","Gabon","France"
"362",270900,44625.308,79739.6,"GAB","DEU","Gabon","Germany"
"363",270900,1037652.306,1706100,"GAB","IDN","Gabon","Indonesia"
"364",270900,292176.038,495411,"GAB","ITA","Gabon","Italy"
"365",270900,564120.04,853004.4,"GAB","MYS","Gabon","Malaysia"
"366",270900,317944.245,518630.208,"GAB","NLD","Gabon","Netherlands"
"367",270900,37082.238,57627,"GAB","ROU","Gabon","Romania"
"368",270900,129428.688,251487.013,"GAB","ESP","Gabon","Spain"
"369",270900,256016.338,330098.5,"GAB","THA","Gabon","Thailand"
"370",270900,64129.473,124754.898,"GAB","USA","Gabon","USA"
"371",270900,0.812,1.163,"GMB","GIN","Gambia","Guinea"
"372",270900,0.282,1.65,"GMB","GNB","Gambia","Guinea-Bissau"
"373",270900,1420.905,3092.334,"DEU","AUT","Germany","Austria"
"374",270900,777.89,1504.252,"DEU","BEL","Germany","Belgium"
"375",270900,6.811,NA,"DEU","BRA","Germany","Brazil"
"376",270900,0.324,0.515,"DEU","CAN","Germany","Canada"
"377",270900,0.063,0.014,"DEU","CZE","Germany","Czechia"
"378",270900,8.331,2.283,"DEU","FRA","Germany","France"
"379",270900,0.051,0.001,"DEU","GTM","Germany","Guatemala"
"380",270900,0.34,NA,"DEU","IDN","Germany","Indonesia"
"381",270900,3.983,0.397,"DEU","IRL","Germany","Ireland"
"382",270900,13818.612,13702,"DEU","ITA","Germany","Italy"
"383",270900,4.894,1.347,"DEU","LUX","Germany","Luxembourg"
"384",270900,2.077,NA,"DEU","MOZ","Germany","Mozambique"
"385",270900,88113.379,174202.8,"DEU","NLD","Germany","Netherlands"
"386",270900,5997.456,12976.5,"DEU","QAT","Germany","Qatar"
"387",270900,0.05,0.08,"DEU","SGP","Germany","Singapore"
"388",270900,0.438,0.27,"DEU","SVN","Germany","Slovenia"
"389",270900,1111.425,542.436,"DEU","ESP","Germany","Spain"
"390",270900,22193.986,33822,"DEU","SWE","Germany","Sweden"
"391",270900,25042.572,37662,"GHA","AUT","Ghana","Austria"
"392",270900,408654.719,648079,"GHA","BRA","Ghana","Brazil"
"393",270900,76628.587,130241.8,"GHA","BGR","Ghana","Bulgaria"
"394",270900,1266720.123,1896222,"GHA","CHN","Ghana","China"
"395",270900,47933.131,81895,"GHA","DEU","Ghana","Germany"
"396",270900,305216.709,509614,"GHA","ITA","Ghana","Italy"
"397",270900,42369.132,71034.002,"GHA","NLD","Ghana","Netherlands"
"398",270900,151503.285,260619,"GHA","PRT","Ghana","Portugal"
"399",270900,224353.974,386697,"GHA","IND","Ghana","India"
"400",270900,339060.647,502524.005,"GHA","ZAF","Ghana","South Africa"
"401",270900,82253.908,130716,"GHA","ESP","Ghana","Spain"
"402",270900,766800.333,1433949.927,"GHA","USA","Ghana","USA"
"403",270900,0.098,NA,"GIB","ESP","Gibraltar","Spain"
"404",270900,10577.859,21891.5,"GRC","ITA","Greece","Italy"
"405",270900,7099.584,10161.4,"GRC","QAT","Greece","Qatar"
"406",270900,82215.322,126263,"GRC","ZAF","Greece","South Africa"
"407",270900,32165.626,59703.8,"GRC","TUR","Greece","TÃ¼rkiye"
"408",270900,0.015,0.002,"GRL","DNK","Greenland","Denmark"
"409",270900,0.004,0.006,"GRD","CAN","Grenada","Canada"
"410",270900,240.012,402.128,"GTM","BLZ","Guatemala","Belize"
"411",270900,16.589,18.879,"GTM","NIC","Guatemala","Nicaragua"
"412",270900,78046.353,176249.016,"GTM","USA","Guatemala","USA"
"413",270900,168458.612,275058,"GUY","AUT","Guyana","Austria"
"414",270900,24055.485,300,"GUY","BHS","Guyana","Bahamas"
"415",270900,234100.961,1002000.15,"GUY","BRB","Guyana","Barbados"
"416",270900,851206.215,1454925.606,"GUY","BRA","Guyana","Brazil"
"417",270900,138990.882,215318.2,"GUY","BGR","Guyana","Bulgaria"
"418",270900,5.264,8.38,"GUY","CAN","Guyana","Canada"
"419",270900,278340.288,452842.6,"GUY","CHN","Guyana","China"
"420",270900,46910.862,82839.633,"GUY","COL","Guyana","Colombia"
"421",270900,25865.202,40000,"GUY","HRV","Guyana","Croatia"
"422",270900,36860.721,58806,"GUY","CZE","Guyana","Czechia"
"423",270900,159903.255,2e+06,"GUY","DNK","Guyana","Denmark"
"424",270900,152069.635,248554.768,"GUY","FIN","Guyana","Finland"
"425",270900,89328.834,264905.819,"GUY","FRA","Guyana","France"
"426",270900,2147738.425,3777240.963,"GUY","DEU","Guyana","Germany"
"427",270900,214134.145,336167.423,"GUY","GRC","Guyana","Greece"
"428",270900,155010.247,347185.645,"GUY","ITA","Guyana","Italy"
"429",270900,2696960.127,4841960,"GUY","NLD","Guyana","Netherlands"
"430",270900,2535611.825,1030514.575,"GUY","PAN","Guyana","Panama"
"431",270900,344998.166,601675.363,"GUY","POL","Guyana","Poland"
"432",270900,625413.096,1028970.594,"GUY","ROU","Guyana","Romania"
"433",270900,150396.024,2034,"GUY","LCA","Guyana","Saint Lucia"
"434",270900,73354.953,1e+06,"GUY","SAU","Guyana","Saudi Arabia"
"435",270900,209359.386,211139.235,"GUY","SGP","Guyana","Singapore"
"436",270900,67243.632,100754,"GUY","SVK","Guyana","Slovakia"
"437",270900,1181274.518,2112734.039,"GUY","ESP","Guyana","Spain"
"438",270900,171546.904,2e+06,"GUY","SWZ","Guyana","Eswatini"
"439",270900,1036494.336,1691337.499,"GUY","SWE","Guyana","Sweden"
"440",270900,230218.943,3000,"GUY","TUR","Guyana","TÃ¼rkiye"
"441",270900,876363.322,1704522.778,"GUY","GBR","Guyana","United Kingdom"
"442",270900,5004956.295,8405431.042,"GUY","USA","Guyana","USA"
"443",270900,0.453,0.101,"HKG","LKA","China, Hong Kong SAR","Sri Lanka"
"444",270900,0.001,0.002,"HKG","NLD","China, Hong Kong SAR","Netherlands"
"445",270900,0.01,0.01,"HKG","SGP","China, Hong Kong SAR","Singapore"
"446",270900,0.053,0.012,"HKG","THA","China, Hong Kong SAR","Thailand"
"447",270900,20.963,33.867,"HKG","USA","China, Hong Kong SAR","USA"
"448",270900,1501.346,3072.365,"HUN","HRV","Hungary","Croatia"
"449",270900,1745.909,3329.211,"HUN","SRB","Hungary","Serbia"
"450",270900,58340.332,95191,"HUN","SVK","Hungary","Slovakia"
"451",270900,0.092,0.072,"HUN","SVN","Hungary","Slovenia"
"452",270900,3154.545,4615.366,"HUN","UKR","Hungary","Ukraine"
"453",270900,0.01,0.022,"HUN","USA","Hungary","USA"
"454",270900,0.095,0.149,"ISL","SWE","Iceland","Sweden"
"455",270900,104285.459,184397.821,"IDN","AUS","Indonesia","Australia"
"456",270900,0.001,NA,"IDN","BEL","Indonesia","Belgium"
"457",270900,103531.184,121506.34,"IDN","BRN","Indonesia","Brunei Darussalam"
"458",270900,87097.493,143173.244,"IDN","CHN","Indonesia","China"
"459",270900,112591.719,163341.936,"IDN","JPN","Indonesia","Japan"
"460",270900,101846.01,168478.753,"IDN","KOR","Indonesia","Rep. of Korea"
"461",270900,94934.346,96759.776,"IDN","MYS","Indonesia","Malaysia"
"462",270900,241296.027,364913.759,"IDN","SGP","Indonesia","Singapore"
"463",270900,6052.61,8529.08,"IDN","VNM","Indonesia","Viet Nam"
"464",270900,1839304.576,2484558.325,"IDN","THA","Indonesia","Thailand"
"465",270900,20.993,27.99,"IRN","UZB","Iran","Uzbekistan"
"466",270900,144399.538,245856,"IRQ","AUT","Iraq","Austria"
"467",270900,691370.954,1236042.8,"IRQ","BGR","Iraq","Bulgaria"
"468",270900,37030183.31,63838060,"IRQ","CHN","Iraq","China"
"469",270900,2069223.207,3755614.956,"IRQ","FRA","Iraq","France"
"470",270900,1828531.75,3305480,"IRQ","DEU","Iraq","Germany"
"471",270900,4599351.684,8229894,"IRQ","GRC","Iraq","Greece"
"472",270900,2419555.494,4400370,"IRQ","ITA","Iraq","Italy"
"473",270900,7674606.042,13904946,"IRQ","KOR","Iraq","Rep. of Korea"
"474",270900,13465.087,20095.1,"IRQ","MYS","Iraq","Malaysia"
"475",270900,396626.113,765869,"IRQ","S19","Iraq","Other Asia, nes"
"476",270900,4159113.883,7172630.572,"IRQ","NLD","Iraq","Netherlands"
"477",270900,474437.193,871048,"IRQ","PHL","Iraq","Philippines"
"478",270900,613224.133,1080197.317,"IRQ","SRB","Iraq","Serbia"
"479",270900,28105033.563,50090900,"IRQ","IND","Iraq","India"
"480",270900,856325.88,1548170,"IRQ","SGP","Iraq","Singapore"
"481",270900,889871.34,1697260,"IRQ","ESP","Iraq","Spain"
"482",270900,19.334,1.26,"IRQ","THA","Iraq","Thailand"
"483",270900,80630,128362.892,"IRQ","EGY","Iraq","Egypt"
"484",270900,5809551.979,11211291.294,"IRQ","USA","Iraq","USA"
"485",270900,13.212,22,"IRQ","UZB","Iraq","Uzbekistan"
"486",270900,0.021,0.034,"IRL","CAN","Ireland","Canada"
"487",270900,17670.845,44287.8,"IRL","QAT","Ireland","Qatar"
"488",270900,70.044,38.062,"IRL","GBR","Ireland","United Kingdom"
"489",270900,4.083,1.191,"IRL","USA","Ireland","USA"
"490",270900,28044.003,45362,"ISR","AUT","Israel","Austria"
"491",270900,0.072,0.005,"ISR","BEL","Israel","Belgium"
"492",270900,1.769,0.049,"ISR","SLV","Israel","El Salvador"
"493",270900,0.069,0.003,"ISR","FRA","Israel","France"
"494",270900,57.61,24.704,"ISR","GRC","Israel","Greece"
"495",270900,329264.434,537254,"ISR","NLD","Israel","Netherlands"
"496",270900,0.378,0.007,"ISR","SVK","Israel","Slovakia"
"497",270900,17186.337,26500.5,"ITA","AUT","Italy","Austria"
"498",270900,12937.472,28094.32,"ITA","BGR","Italy","Bulgaria"
"499",270900,0.439,0.698,"ITA","CAN","Italy","Canada"
"500",270900,0.4,1,"ITA","HRV","Italy","Croatia"
"501",270900,2.731,NA,"ITA","CZE","Italy","Czechia"
"502",270900,0.037,0.004,"ITA","DOM","Italy","Dominican Rep."
"503",270900,15654.651,47163.149,"ITA","FRA","Italy","France"
"504",270900,45038.407,96698.369,"ITA","DEU","Italy","Germany"
"505",270900,3.396,3.59,"ITA","HUN","Italy","Hungary"
"506",270900,0.882,NA,"ITA","IDN","Italy","Indonesia"
"507",270900,15214.292,29260.3,"ITA","ISR","Italy","Israel"
"508",270900,1.295,0.044,"ITA","JPN","Italy","Japan"
"509",270900,0.17,NA,"ITA","NAM","Italy","Namibia"
"510",270900,414.077,1915.979,"ITA","NLD","Italy","Netherlands"
"511",270900,84.917,5.09,"ITA","PRT","Italy","Portugal"
"512",270900,76556.952,130799,"ITA","QAT","Italy","Qatar"
"513",270900,1.834,5.648,"ITA","SVK","Italy","Slovakia"
"514",270900,43.026,20,"ITA","ZAF","Italy","South Africa"
"515",270900,311028.696,656331.439,"ITA","ESP","Italy","Spain"
"516",270900,268871.067,629411,"ITA","TUR","Italy","TÃ¼rkiye"
"517",270900,5.02,0.72,"ITA","UGA","Italy","Uganda"
"518",270900,3.69,0.04,"ITA","GBR","Italy","United Kingdom"
"519",270900,6.838,0.26,"ITA","USA","Italy","USA"
"520",270900,0.174,NA,"CIV","BEL","CÃ´te d'Ivoire","Belgium"
"521",270900,89960.307,143662.717,"CIV","BRA","CÃ´te d'Ivoire","Brazil"
"522",270900,94334.576,182224.575,"CIV","CAN","CÃ´te d'Ivoire","Canada"
"523",270900,0.005,0.043,"CIV","COG","CÃ´te d'Ivoire","Congo"
"524",270900,36393.517,64485,"CIV","FRA","CÃ´te d'Ivoire","France"
"525",270900,53882.331,143590.173,"CIV","DEU","CÃ´te d'Ivoire","Germany"
"526",270900,44936.725,119484.321,"CIV","GRC","CÃ´te d'Ivoire","Greece"
"527",270900,115692.076,166037.852,"CIV","ITA","CÃ´te d'Ivoire","Italy"
"528",270900,405681.611,826673.97,"CIV","NLD","CÃ´te d'Ivoire","Netherlands"
"529",270900,0.005,0.031,"CIV","POL","CÃ´te d'Ivoire","Poland"
"530",270900,43518.604,71383.4,"CIV","ROU","CÃ´te d'Ivoire","Romania"
"531",270900,0.001,0.002,"CIV","SGP","CÃ´te d'Ivoire","Singapore"
"532",270900,92328.478,113165.338,"CIV","ZAF","CÃ´te d'Ivoire","South Africa"
"533",270900,0.246,0.009,"CIV","ESP","CÃ´te d'Ivoire","Spain"
"534",270900,44548.935,67323,"CIV","SWE","CÃ´te d'Ivoire","Sweden"
"535",270900,1.008,0.136,"JAM","GRD","Jamaica","Grenada"
"536",270900,0.551,0.046,"JAM","TTO","Jamaica","Trinidad and Tobago"
"537",270900,0.22,0.014,"JPN","BEL","Japan","Belgium"
"538",270900,3.957,NA,"JPN","BRA","Japan","Brazil"
"539",270900,0.794,1.263,"JPN","CAN","Japan","Canada"
"540",270900,0.896,NA,"JPN","CRI","Japan","Costa Rica"
"541",270900,1.285,NA,"JPN","IDN","Japan","Indonesia"
"542",270900,0.157,0.014,"JPN","KOR","Japan","Rep. of Korea"
"543",270900,0.067,0.001,"JPN","MLT","Japan","Malta"
"544",270900,0.145,NA,"JPN","PER","Japan","Peru"
"545",270900,63225.7,91720.5,"JPN","PHL","Japan","Philippines"
"546",270900,105.593,30.8,"JPN","SGP","Japan","Singapore"
"547",270900,0.095,0.01,"JPN","ZWE","Japan","Zimbabwe"
"548",270900,89209.926,115482.527,"KAZ","AZE","Kazakhstan","Azerbaijan"
"549",270900,2724233.14,4281050,"KAZ","AUT","Kazakhstan","Austria"
"550",270900,51010.295,84948,"KAZ","BHS","Kazakhstan","Bahamas"
"551",270900,184920.133,263752,"KAZ","BRN","Kazakhstan","Brunei Darussalam"
"552",270900,1427653.974,2050130.762,"KAZ","BGR","Kazakhstan","Bulgaria"
"553",270900,1810148.606,2787017.45,"KAZ","CHN","Kazakhstan","China"
"554",270900,297182.917,457142.756,"KAZ","HRV","Kazakhstan","Croatia"
"555",270900,642519.159,1015210,"KAZ","CZE","Kazakhstan","Czechia"
"556",270900,3320053.467,5311895.667,"KAZ","FRA","Kazakhstan","France"
"557",270900,2857520.11,4292405.794,"KAZ","DEU","Kazakhstan","Germany"
"558",270900,3905682.634,5818469.252,"KAZ","GRC","Kazakhstan","Greece"
"559",270900,121748.009,187855,"KAZ","ISR","Kazakhstan","Israel"
"560",270900,6492821.624,15376775.751,"KAZ","ITA","Kazakhstan","Italy"
"561",270900,991415.186,1565056.865,"KAZ","KOR","Kazakhstan","Rep. of Korea"
"562",270900,166.427,462.298,"KAZ","KGZ","Kazakhstan","Kyrgyzstan"
"563",270900,504.922,800,"KAZ","MLT","Kazakhstan","Malta"
"564",270900,4506198.552,7621381.562,"KAZ","NLD","Kazakhstan","Netherlands"
"565",270900,84273.464,146111.815,"KAZ","POL","Kazakhstan","Poland"
"566",270900,7422.167,10623.1,"KAZ","QAT","Kazakhstan","Qatar"
"567",270900,2400093.622,4534080.339,"KAZ","ROU","Kazakhstan","Romania"
"568",270900,7246.048,15450.4,"KAZ","RUS","Kazakhstan","Russian Federation"
"569",270900,516223.866,840388.6,"KAZ","SRB","Kazakhstan","Serbia"
"570",270900,261950,441954.976,"KAZ","IND","Kazakhstan","India"
"571",270900,818220.849,1602380,"KAZ","SGP","Kazakhstan","Singapore"
"572",270900,57221.545,100064,"KAZ","SVK","Kazakhstan","Slovakia"
"573",270900,1441201.492,2348557.422,"KAZ","ESP","Kazakhstan","Spain"
"574",270900,70907.532,68438.075,"KAZ","CHE","Kazakhstan","Switzerland"
"575",270900,1217715.137,1978386,"KAZ","TUR","Kazakhstan","TÃ¼rkiye"
"576",270900,121917.193,205121,"KAZ","EGY","Kazakhstan","Egypt"
"577",270900,230203.132,340216.53,"KAZ","GBR","Kazakhstan","United Kingdom"
"578",270900,1143172.644,1873830.694,"KAZ","USA","Kazakhstan","USA"
"579",270900,89046.359,146330.722,"KAZ","URY","Kazakhstan","Uruguay"
"580",270900,28702.864,57412.904,"KAZ","UZB","Kazakhstan","Uzbekistan"
"581",270900,0.002,0.003,"JOR","NLD","Jordan","Netherlands"
"582",270900,0.473,0.745,"JOR","SWE","Jordan","Sweden"
"583",270900,4.746,2.916,"KEN","RWA","Kenya","Rwanda"
"584",270900,252.214,47.962,"KOR","GTM","Rep. of Korea","Guatemala"
"585",270900,0.05,0.007,"KOR","MNG","Rep. of Korea","Mongolia"
"586",270900,0.63,0.634,"KOR","NLD","Rep. of Korea","Netherlands"
"587",270900,56769.173,94508,"KOR","IND","Rep. of Korea","India"
"588",270900,0.041,0.02,"KOR","SGP","Rep. of Korea","Singapore"
"589",270900,0.099,0.082,"KWT","BHR","Kuwait","Bahrain"
"590",270900,9612844.681,15970070,"KWT","CHN","Kuwait","China"
"591",270900,4864837.67,8086066,"KWT","JPN","Kuwait","Japan"
"592",270900,1.912,NA,"KWT","KAZ","Kuwait","Kazakhstan"
"593",270900,6642571.502,11435121,"KWT","KOR","Kuwait","Rep. of Korea"
"594",270900,170772.203,286184.6,"KWT","MYS","Kuwait","Malaysia"
"595",270900,3111656.778,5991130,"KWT","S19","Kuwait","Other Asia, nes"
"596",270900,2.11,3.296,"KWT","NLD","Kuwait","Netherlands"
"597",270900,2159.39,5082,"KWT","PAK","Kuwait","Pakistan"
"598",270900,633357.316,1053899,"KWT","QAT","Kuwait","Qatar"
"599",270900,3089863.52,5251690,"KWT","IND","Kuwait","India"
"600",270900,18113.19,34477.3,"KWT","SGP","Kuwait","Singapore"
"601",270900,14369.17,26638.1,"KWT","THA","Kuwait","Thailand"
"602",270900,23900,38048.78,"KWT","EGY","Kuwait","Egypt"
"603",270900,639902.52,1244929.455,"KWT","USA","Kuwait","USA"
"604",270900,0.076,0.014,"LVA","EST","Latvia","Estonia"
"605",270900,437.241,1563.809,"LVA","LTU","Latvia","Lithuania"
"606",270900,14.46,24.371,"LVA","UKR","Latvia","Ukraine"
"607",270900,62375.522,101489,"LBR","AUS","Liberia","Australia"
"608",270900,0.006,0.01,"LBR","NLD","Liberia","Netherlands"
"609",270900,51686.364,90132.7,"LBR","GBR","Liberia","United Kingdom"
"610",270900,112996.358,201245.9,"LBY","AUS","Libya","Australia"
"611",270900,689645.741,1058710,"LBY","AUT","Libya","Austria"
"612",270900,0.001,0.005,"LBY","BEL","Libya","Belgium"
"613",270900,366322.08,559535,"LBY","BGR","Libya","Bulgaria"
"614",270900,1138833.599,1756156.1,"LBY","CHN","Libya","China"
"615",270900,65482.908,108696.8,"LBY","HRV","Libya","Croatia"
"616",270900,96393.129,162361,"LBY","DNK","Libya","Denmark"
"617",270900,2119380.899,3277316.067,"LBY","FRA","Libya","France"
"618",270900,4548230.427,7396755.1,"LBY","DEU","Libya","Germany"
"619",270900,2464288.025,3913611,"LBY","GRC","Libya","Greece"
"620",270900,6831821.646,11343400,"LBY","ITA","Libya","Italy"
"621",270900,133985.198,216778.4,"LBY","MYS","Libya","Malaysia"
"622",270900,929749.988,1497630,"LBY","NLD","Libya","Netherlands"
"623",270900,25538.191,41944,"LBY","NOR","Libya","Norway"
"624",270900,63441.5,94708.5,"LBY","PRT","Libya","Portugal"
"625",270900,312009.835,493610.6,"LBY","ROU","Libya","Romania"
"626",270900,57631.722,83801.1,"LBY","SRB","Libya","Serbia"
"627",270900,84799.829,138982,"LBY","IND","Libya","India"
"628",270900,34019.531,51080.6,"LBY","SGP","Libya","Singapore"
"629",270900,17788.278,27656,"LBY","SVK","Libya","Slovakia"
"630",270900,2380790.84,3904536.3,"LBY","ESP","Libya","Spain"
"631",270900,391760.506,574330,"LBY","SWE","Libya","Sweden"
"632",270900,57495.886,92994,"LBY","CHE","Libya","Switzerland"
"633",270900,600186.191,838883.8,"LBY","THA","Libya","Thailand"
"634",270900,127.177,207.868,"LBY","TUN","Libya","Tunisia"
"635",270900,2689499.19,4269110,"LBY","GBR","Libya","United Kingdom"
"636",270900,1490313.297,2701943.127,"LBY","USA","Libya","USA"
"637",270900,0.003,0.001,"LTU","DNK","Lithuania","Denmark"
"638",270900,0.035,0.033,"LUX","ITA","Luxembourg","Italy"
"639",270900,0.043,0.065,"LUX","NLD","Luxembourg","Netherlands"
"640",270900,0.002,0.001,"MDG","BEL","Madagascar","Belgium"
"641",270900,2066508.325,3384317.98,"MYS","AUS","Malaysia","Australia"
"642",270900,38908.831,54765,"MYS","BGD","Malaysia","Bangladesh"
"643",270900,1573166.47,2317145.411,"MYS","BRN","Malaysia","Brunei Darussalam"
"644",270900,25573734.222,41503283.869,"MYS","CHN","Malaysia","China"
"645",270900,112225.398,205321.017,"MYS","IDN","Malaysia","Indonesia"
"646",270900,79488.694,137825,"MYS","ITA","Malaysia","Italy"
"647",270900,1033980.774,1565077,"MYS","JPN","Malaysia","Japan"
"648",270900,27199.927,43381.528,"MYS","KOR","Malaysia","Rep. of Korea"
"649",270900,1.603,2.506,"MYS","NLD","Malaysia","Netherlands"
"650",270900,25127.632,39615.754,"MYS","PHL","Malaysia","Philippines"
"651",270900,191087.864,318707,"MYS","QAT","Malaysia","Qatar"
"652",270900,573741.672,843380.048,"MYS","IND","Malaysia","India"
"653",270900,275564.002,467858.23,"MYS","SGP","Malaysia","Singapore"
"654",270900,29720.269,39429,"MYS","VNM","Malaysia","Viet Nam"
"655",270900,1.136,1.789,"MYS","SWE","Malaysia","Sweden"
"656",270900,2407522.604,3237738.592,"MYS","THA","Malaysia","Thailand"
"657",270900,57362.07,89344.7,"MYS","GBR","Malaysia","United Kingdom"
"658",270900,28014.98,36554.3,"MLT","BRA","Malta","Brazil"
"659",270900,6379.371,11435.5,"MLT","QAT","Malta","Qatar"
"660",270900,62341.573,121151.7,"MLT","ESP","Malta","Spain"
"661",270900,0.001,NA,"MUS","BEL","Mauritius","Belgium"
"662",270900,0.203,0.324,"MUS","SGP","Mauritius","Singapore"
"663",270900,44388.966,70667.197,"MEX","CAN","Mexico","Canada"
"664",270900,584138.654,1047573,"MEX","CHN","Mexico","China"
"665",270900,706261.826,1286814,"MEX","DEU","Mexico","Germany"
"666",270900,0.079,0.01,"MEX","GTM","Mexico","Guatemala"
"667",270900,356561.705,652472,"MEX","ITA","Mexico","Italy"
"668",270900,61938.202,107694,"MEX","JPN","Mexico","Japan"
"669",270900,2035383.672,3777583,"MEX","KOR","Mexico","Rep. of Korea"
"670",270900,4372962.668,7879608.728,"MEX","S19","Mexico","Other Asia, nes"
"671",270900,31454.033,56725.3,"MEX","PER","Mexico","Peru"
"672",270900,1673011.15,3249944,"MEX","IND","Mexico","India"
"673",270900,4283901.15,8586834.5,"MEX","ESP","Mexico","Spain"
"674",270900,12476631.428,26496536.238,"MEX","USA","Mexico","USA"
"675",270900,1.319,0.247,"S19","DEU","Other Asia, nes","Germany"
"676",270900,0.11,NA,"S19","IDN","Other Asia, nes","Indonesia"
"677",270900,322198.066,568697.7,"MNG","CHN","Mongolia","China"
"678",270900,610.708,1579.162,"MDA","ROU","Rep. of Moldova","Romania"
"679",270900,0.123,0.194,"MAR","NLD","Morocco","Netherlands"
"680",270900,22309.043,27016.907,"MOZ","CHN","Mozambique","China"
"681",270900,40809.174,114500.933,"MOZ","KOR","Mozambique","Rep. of Korea"
"682",270900,18445.732,257.042,"MOZ","ARE","Mozambique","United Arab Emirates"
"683",270900,0.196,0.008,"OMN","BEL","Oman","Belgium"
"684",270900,0.826,1.315,"OMN","CAN","Oman","Canada"
"685",270900,25045149.223,40767880,"OMN","CHN","Oman","China"
"686",270900,373214.342,600939.4,"OMN","JPN","Oman","Japan"
"687",270900,525248.734,861557.7,"OMN","KOR","Oman","Rep. of Korea"
"688",270900,83878.154,135525.32,"OMN","MYS","Oman","Malaysia"
"689",270900,1931565.27,3733870,"OMN","S19","Oman","Other Asia, nes"
"690",270900,0.236,0.359,"OMN","NLD","Oman","Netherlands"
"691",270900,364879.701,502442.2,"OMN","QAT","Oman","Qatar"
"692",270900,571811.215,961147,"OMN","IND","Oman","India"
"693",270900,54203.229,77723.4,"OMN","THA","Oman","Thailand"
"694",270900,0.019,NA,"NAM","BEL","Namibia","Belgium"
"695",270900,0.363,0.324,"NAM","BLZ","Namibia","Belize"
"696",270900,3.945,6.231,"NAM","FRA","Namibia","France"
"697",270900,0.065,0.002,"NAM","DEU","Namibia","Germany"
"698",270900,1.299,0.09,"NAM","GRC","Namibia","Greece"
"699",270900,0.217,0.051,"NAM","MOZ","Namibia","Mozambique"
"700",270900,0.315,0.342,"NAM","NLD","Namibia","Netherlands"
"701",270900,4.936,0.52,"NAM","NOR","Namibia","Norway"
"702",270900,10.071,1.66,"NAM","PRT","Namibia","Portugal"
"703",270900,0.018,0.007,"NAM","ZAF","Namibia","South Africa"
"704",270900,0.001,0.001,"NAM","SDN","Namibia","Sudan"
"705",270900,0.675,NA,"NAM","GBR","Namibia","United Kingdom"
"706",270900,0.003,0.003,"NLD","AUS","Netherlands","Australia"
"707",270900,0.228,2,"NLD","BHS","Netherlands","Bahamas"
"708",270900,21637389.193,29519740.329,"NLD","BEL","Netherlands","Belgium"
"709",270900,26493.104,30614.066,"NLD","BRA","Netherlands","Brazil"
"710",270900,0.004,0.014,"NLD","BRN","Netherlands","Brunei Darussalam"
"711",270900,1.808,2.719,"NLD","BGR","Netherlands","Bulgaria"
"712",270900,0.017,0.027,"NLD","CAN","Netherlands","Canada"
"713",270900,0.041,0.005,"NLD","LKA","Netherlands","Sri Lanka"
"714",270900,0.005,0.001,"NLD","COL","Netherlands","Colombia"
"715",270900,0.498,0.749,"NLD","HRV","Netherlands","Croatia"
"716",270900,27.365,40.809,"NLD","CYP","Netherlands","Cyprus"
"717",270900,6.16,6.584,"NLD","DNK","Netherlands","Denmark"
"718",270900,0.035,0.053,"NLD","EST","Netherlands","Estonia"
"719",270900,0.005,0.008,"NLD","FIN","Netherlands","Finland"
"720",270900,1543.558,7139.086,"NLD","FRA","Netherlands","France"
"721",270900,1.724,NA,"NLD","GEO","Netherlands","Georgia"
"722",270900,711132.838,2562126.829,"NLD","DEU","Netherlands","Germany"
"723",270900,2.511,3.993,"NLD","ITA","Netherlands","Italy"
"724",270900,2.218,NA,"NLD","KAZ","Netherlands","Kazakhstan"
"725",270900,0.565,0.147,"NLD","KOR","Netherlands","Rep. of Korea"
"726",270900,0.37,0.551,"NLD","LVA","Netherlands","Latvia"
"727",270900,5.419,8.08,"NLD","LTU","Netherlands","Lithuania"
"728",270900,5.394,1.525,"NLD","LUX","Netherlands","Luxembourg"
"729",270900,0.115,0.665,"NLD","MLT","Netherlands","Malta"
"730",270900,1.745,0.547,"NLD","SXM","Netherlands","Saint Maarten"
"731",270900,0.011,0.001,"NLD","NOR","Netherlands","Norway"
"732",270900,0.001,0.001,"NLD","PAK","Netherlands","Pakistan"
"733",270900,0.246,0.368,"NLD","PRT","Netherlands","Portugal"
"734",270900,36125.116,49756.1,"NLD","QAT","Netherlands","Qatar"
"735",270900,0.022,0.033,"NLD","ROU","Netherlands","Romania"
"736",270900,1.047,1.558,"NLD","SVK","Netherlands","Slovakia"
"737",270900,3.771,5.62,"NLD","SVN","Netherlands","Slovenia"
"738",270900,1.732,0.02,"NLD","ZAF","Netherlands","South Africa"
"739",270900,642.812,1128.035,"NLD","SWE","Netherlands","Sweden"
"740",270900,17499.07,29463.442,"NLD","GBR","Netherlands","United Kingdom"
"741",270900,9579.52,12483,"NLD","USA","Netherlands","USA"
"742",270900,0.024,0.001,"CUW","MSR","CuraÃ§ao","Montserrat"
"743",270900,0.387,0.597,"CUW","NLD","CuraÃ§ao","Netherlands"
"744",270900,0.081,0.127,"ABW","NLD","Aruba","Netherlands"
"745",270900,0.024,0.002,"NCL","BEL","New Caledonia","Belgium"
"746",270900,169106.164,244445.959,"NZL","AUS","New Zealand","Australia"
"747",270900,79640.176,169312.572,"NZL","CHN","New Zealand","China"
"748",270900,0.306,0.521,"NZL","COK","New Zealand","Cook Isds"
"749",270900,11630.794,16683.6,"NZL","IDN","New Zealand","Indonesia"
"750",270900,134816.659,170494.982,"NZL","KOR","New Zealand","Rep. of Korea"
"751",270900,79658.452,230910.595,"NZL","SGP","New Zealand","Singapore"
"752",270900,47319.262,54982.873,"NZL","THA","New Zealand","Thailand"
"753",270900,0.095,0.162,"NZL","TON","New Zealand","Tonga"
"754",270900,357165.523,528919,"NIC","SEN","Nicaragua","Senegal"
"755",270900,87603.732,149961.193,"NER","CHN","Niger","China"
"756",270900,0.06,0.056,"NER","COG","Niger","Congo"
"757",270900,75621.576,137592.298,"NER","FRA","Niger","France"
"758",270900,17942.854,47513.629,"NER","MYS","Niger","Malaysia"
"759",270900,0.03,0.02,"NER","S19","Niger","Other Asia, nes"
"760",270900,0.015,0.014,"NER","NLD","Niger","Netherlands"
"761",270900,19344.156,47807.046,"NER","SGP","Niger","Singapore"
"762",270900,75709.829,142946,"NER","TGO","Niger","Togo"
"763",270900,0.121,0.029,"NER","UKR","Niger","Ukraine"
"764",270900,0.05,0.24,"NER","BFA","Niger","Burkina Faso"
"765",270900,113375.346,240412.5,"NGA","AUS","Nigeria","Australia"
"766",270900,42917.96,64200.442,"NGA","BEL","Nigeria","Belgium"
"767",270900,397091.145,606619.3,"NGA","BRA","Nigeria","Brazil"
"768",270900,1331581.423,2461689.954,"NGA","CAN","Nigeria","Canada"
"769",270900,759171.553,1208778.546,"NGA","CHN","Nigeria","China"
"770",270900,84784.165,137343.263,"NGA","COL","Nigeria","Colombia"
"771",270900,204376.378,350502,"NGA","HRV","Nigeria","Croatia"
"772",270900,4218670.642,6403290.857,"NGA","FRA","Nigeria","France"
"773",270900,1538621.732,2448180.348,"NGA","DEU","Nigeria","Germany"
"774",270900,293090.145,83526.155,"NGA","GIB","Nigeria","Gibraltar"
"775",270900,138083.71,252208.901,"NGA","GRC","Nigeria","Greece"
"776",270900,0.003,0.01,"NGA","HUN","Nigeria","Hungary"
"777",270900,2488962.745,4750632.049,"NGA","IDN","Nigeria","Indonesia"
"778",270900,74797.785,949.511,"NGA","ISR","Nigeria","Israel"
"779",270900,1939251.783,3614624.59,"NGA","ITA","Nigeria","Italy"
"780",270900,2173789.757,3266131.685,"NGA","CIV","Nigeria","CÃ´te d'Ivoire"
"781",270900,228434.992,343312.5,"NGA","KOR","Nigeria","Rep. of Korea"
"782",270900,28431.012,51837.3,"NGA","MYS","Nigeria","Malaysia"
"783",270900,1766628.004,3179767.083,"NGA","NLD","Nigeria","Netherlands"
"784",270900,246603.698,400109,"NGA","NOR","Nigeria","Norway"
"785",270900,624518.913,1114631.643,"NGA","PER","Nigeria","Peru"
"786",270900,407763.561,634544.459,"NGA","POL","Nigeria","Poland"
"787",270900,556156.681,893926.812,"NGA","PRT","Nigeria","Portugal"
"788",270900,399528.889,646491.111,"NGA","SEN","Nigeria","Senegal"
"789",270900,4135515.918,6385126.267,"NGA","IND","Nigeria","India"
"790",270900,35888.66,63345.2,"NGA","SGP","Nigeria","Singapore"
"791",270900,167215.985,NA,"NGA","VNM","Nigeria","Viet Nam"
"792",270900,2463985.181,3910672.858,"NGA","ZAF","Nigeria","South Africa"
"793",270900,4771203.968,7647821.311,"NGA","ESP","Nigeria","Spain"
"794",270900,773519.634,1195140,"NGA","SWE","Nigeria","Sweden"
"795",270900,585807.299,954938,"NGA","CHE","Nigeria","Switzerland"
"796",270900,687713.734,911749.469,"NGA","THA","Nigeria","Thailand"
"797",270900,422433.561,NA,"NGA","TGO","Nigeria","Togo"
"798",270900,382663.931,481574.668,"NGA","TUR","Nigeria","TÃ¼rkiye"
"799",270900,1301063.992,2111359.918,"NGA","GBR","Nigeria","United Kingdom"
"800",270900,4452259.818,8068934.23,"NGA","USA","Nigeria","USA"
"801",270900,373570.615,686912.894,"NGA","URY","Nigeria","Uruguay"
"802",270900,84730.667,139285,"NOR","AUT","Norway","Austria"
"803",270900,18382.622,21745.601,"NOR","BEL","Norway","Belgium"
"804",270900,481198.863,774314.917,"NOR","BGR","Norway","Bulgaria"
"805",270900,283213.64,501901,"NOR","CAN","Norway","Canada"
"806",270900,1332288.983,2019356.455,"NOR","CHN","Norway","China"
"807",270900,84812.674,146810.451,"NOR","HRV","Norway","Croatia"
"808",270900,63292.811,103029,"NOR","CZE","Norway","Czechia"
"809",270900,569962.005,875810.639,"NOR","DNK","Norway","Denmark"
"810",270900,4052787.645,6702630.854,"NOR","FIN","Norway","Finland"
"811",270900,2098323.988,3149201.957,"NOR","FRA","Norway","France"
"812",270900,8028745.563,11673924.459,"NOR","DEU","Norway","Germany"
"813",270900,826674.943,1413352.543,"NOR","GRC","Norway","Greece"
"814",270900,53063.327,75173.3,"NOR","IDN","Norway","Indonesia"
"815",270900,860170.648,1547970.812,"NOR","ITA","Norway","Italy"
"816",270900,168153.628,239798.515,"NOR","KOR","Norway","Rep. of Korea"
"817",270900,769543.141,2412892.893,"NOR","LTU","Norway","Lithuania"
"818",270900,84406.071,166897,"NOR","S19","Norway","Other Asia, nes"
"819",270900,5498876.98,10980833.646,"NOR","NLD","Norway","Netherlands"
"820",270900,4971123.868,8965042.154,"NOR","POL","Norway","Poland"
"821",270900,362898.415,533701.509,"NOR","PRT","Norway","Portugal"
"822",270900,357075.352,591155.841,"NOR","ROU","Norway","Romania"
"823",270900,19143.121,32917.6,"NOR","SGP","Norway","Singapore"
"824",270900,79138.996,135783,"NOR","SVK","Norway","Slovakia"
"825",270900,597392.145,915819.85,"NOR","ESP","Norway","Spain"
"826",270900,5569578.369,8645277.122,"NOR","SWE","Norway","Sweden"
"827",270900,0.01,0.04,"NOR","THA","Norway","Thailand"
"828",270900,461146.337,809804,"NOR","TUR","Norway","TÃ¼rkiye"
"829",270900,11689675.171,20698621.075,"NOR","GBR","Norway","United Kingdom"
"830",270900,330448.366,404445.59,"NOR","USA","Norway","USA"
"831",270900,46079.333,64666.8,"PAK","BRN","Pakistan","Brunei Darussalam"
"832",270900,0.489,0.413,"PAK","HRV","Pakistan","Croatia"
"833",270900,24693.263,40552,"PAK","MYS","Pakistan","Malaysia"
"834",270900,19910.999,42137.401,"PAK","SGP","Pakistan","Singapore"
"835",270900,119003.944,164747,"PAK","THA","Pakistan","Thailand"
"836",270900,32312.48,54455.7,"PAN","SGP","Panama","Singapore"
"837",270900,0.011,0.001,"PNG","BEL","Papua New Guinea","Belgium"
"838",270900,374786.344,551921.9,"PNG","CHN","Papua New Guinea","China"
"839",270900,58599.407,78277.4,"PNG","IDN","Papua New Guinea","Indonesia"
"840",270900,210540.19,325809.4,"PNG","KOR","Papua New Guinea","Rep. of Korea"
"841",270900,194226.367,293774,"PNG","SGP","Papua New Guinea","Singapore"
"842",270900,2780.081,4425.887,"PRY","BOL","Paraguay","Bolivia (Plurinational State of)"
"843",270900,0.081,0.002,"PER","BEL","Peru","Belgium"
"844",270900,4613.53,7344.736,"PER","BOL","Peru","Bolivia (Plurinational State of)"
"845",270900,129275.985,390610.089,"PER","BRA","Peru","Brazil"
"846",270900,0.48,0.058,"PER","COL","Peru","Colombia"
"847",270900,908.904,2380.71,"PER","ECU","Peru","Ecuador"
"848",270900,0.004,0.08,"PER","NOR","Peru","Norway"
"849",270900,0.205,0.007,"PER","ESP","Peru","Spain"
"850",270900,0.284,0.447,"PER","SWE","Peru","Sweden"
"851",270900,45768.209,100005.048,"PER","USA","Peru","USA"
"852",270900,70282.465,106124.751,"PHL","BRN","Philippines","Brunei Darussalam"
"853",270900,32158.504,58661.946,"PHL","KOR","Philippines","Rep. of Korea"
"854",270900,0.423,0.44,"PHL","NLD","Philippines","Netherlands"
"855",270900,0.01,0.01,"PHL","SGP","Philippines","Singapore"
"856",270900,89392.156,115948.107,"PHL","THA","Philippines","Thailand"
"857",270900,0.065,0.002,"POL","BLR","Poland","Belarus"
"858",270900,4.217,4.745,"POL","CAN","Poland","Canada"
"859",270900,6.1,43.195,"POL","CZE","Poland","Czechia"
"860",270900,83323.999,187239.424,"POL","DEU","Poland","Germany"
"861",270900,1.329,1.505,"POL","LVA","Poland","Latvia"
"862",270900,0.144,0.215,"POL","NLD","Poland","Netherlands"
"863",270900,0.114,0.023,"POL","SVK","Poland","Slovakia"
"864",270900,0.002,0.004,"POL","CHE","Poland","Switzerland"
"865",270900,1.069,0.131,"POL","UKR","Poland","Ukraine"
"866",270900,5.081,0.891,"POL","GBR","Poland","United Kingdom"
"867",270900,1.488,NA,"POL","TZA","Poland","United Rep. of Tanzania"
"868",270900,37.736,31.124,"POL","USA","Poland","USA"
"869",270900,1.45,3.438,"PRT","AGO","Portugal","Angola"
"870",270900,0.224,0.075,"PRT","CPV","Portugal","Cabo Verde"
"871",270900,3.16,0.85,"PRT","MOZ","Portugal","Mozambique"
"872",270900,0.052,0.078,"PRT","NLD","Portugal","Netherlands"
"873",270900,30555.268,44944.6,"PRT","QAT","Portugal","Qatar"
"874",270900,159.663,150.86,"PRT","ESP","Portugal","Spain"
"875",270900,64154.68,75885.7,"TLS","THA","Timor-Leste","Thailand"
"876",270900,70325.08,124690,"QAT","BRN","Qatar","Brunei Darussalam"
"877",270900,839554.978,1357009,"QAT","MMR","Qatar","Myanmar"
"878",270900,0.442,0.704,"QAT","CAN","Qatar","Canada"
"879",270900,5856634.089,9448667.889,"QAT","CHN","Qatar","China"
"880",270900,4.478,0.456,"QAT","FRA","Qatar","France"
"881",270900,2840179.532,4606656.721,"QAT","JPN","Qatar","Japan"
"882",270900,4514459.134,6487962.587,"QAT","KOR","Qatar","Rep. of Korea"
"883",270900,572635.526,1020944.985,"QAT","MYS","Qatar","Malaysia"
"884",270900,1145142.066,2185913.661,"QAT","S19","Qatar","Other Asia, nes"
"885",270900,26.611,32.02,"QAT","NLD","Qatar","Netherlands"
"886",270900,98032.296,172485.6,"QAT","PAK","Qatar","Pakistan"
"887",270900,38389.412,68469.835,"QAT","PHL","Qatar","Philippines"
"888",270900,934531.664,1417769.595,"QAT","IND","Qatar","India"
"889",270900,3205376.422,5034038.003,"QAT","SGP","Qatar","Singapore"
"890",270900,1029078.932,1641476.078,"QAT","THA","Qatar","Thailand"
"891",270900,3.251,2.381,"QAT","USA","Qatar","USA"
"892",270900,5122.073,8739.636,"ROU","SRB","Romania","Serbia"
"893",270900,17.25,24.714,"ROU","UKR","Romania","Ukraine"
"894",270900,906539.467,1672840,"RUS","AZE","Russian Federation","Azerbaijan"
"895",270900,285.129,421.91,"RUS","ARM","Russian Federation","Armenia"
"896",270900,77537.044,106301.99,"RUS","BRA","Russian Federation","Brazil"
"897",270900,825495.285,1219420,"RUS","BRN","Russian Federation","Brunei Darussalam"
"898",270900,62589755.078,108469240,"RUS","CHN","Russian Federation","China"
"899",270900,1583541.466,2715880,"RUS","CZE","Russian Federation","Czechia"
"900",270900,5843.774,10534.3,"RUS","GEO","Russian Federation","Georgia"
"901",270900,7236.964,21245,"RUS","DEU","Russian Federation","Germany"
"902",270900,2297811.481,4561540,"RUS","HUN","Russian Federation","Hungary"
"903",270900,48478.899,93421.9,"RUS","MYS","Russian Federation","Malaysia"
"904",270900,674358.845,1163950,"RUS","NLD","Russian Federation","Netherlands"
"905",270900,52727893.91,92008859,"RUS","IND","Russian Federation","India"
"906",270900,2168190.049,4246803,"RUS","SVK","Russian Federation","Slovakia"
"907",270900,282976.613,478662,"RUS","UZB","Russian Federation","Uzbekistan"
"908",270900,6308.475,4944,"STP","PAK","Sao Tome and Principe","Pakistan"
"909",270900,538372.994,925840,"SAU","AUT","Saudi Arabia","Austria"
"910",270900,1966876.749,3187637,"SAU","BRA","Saudi Arabia","Brazil"
"911",270900,166357.318,271467,"SAU","BRN","Saudi Arabia","Brunei Darussalam"
"912",270900,540156.408,874436.5,"SAU","BGR","Saudi Arabia","Bulgaria"
"913",270900,1416599.572,2255225.331,"SAU","CAN","Saudi Arabia","Canada"
"914",270900,47910307.938,78637619,"SAU","CHN","Saudi Arabia","China"
"915",270900,47172.573,85916.7,"SAU","HRV","Saudi Arabia","Croatia"
"916",270900,859757.546,1352409.9,"SAU","FRA","Saudi Arabia","France"
"917",270900,1060425.069,1719019,"SAU","DEU","Saudi Arabia","Germany"
"918",270900,1298866.875,2160864.9,"SAU","GRC","Saudi Arabia","Greece"
"919",270900,2053001.047,3428430,"SAU","IDN","Saudi Arabia","Indonesia"
"920",270900,2085878.54,3573950,"SAU","ITA","Saudi Arabia","Italy"
"921",270900,28747349.249,46433650,"SAU","JPN","Saudi Arabia","Japan"
"922",270900,29479657.426,47806530,"SAU","KOR","Saudi Arabia","Rep. of Korea"
"923",270900,2244803.212,3709770,"SAU","LTU","Saudi Arabia","Lithuania"
"924",270900,5630827.027,9307595,"SAU","MYS","Saudi Arabia","Malaysia"
"925",270900,7560878.969,14399200,"SAU","S19","Saudi Arabia","Other Asia, nes"
"926",270900,2533390.662,4002790.07,"SAU","NLD","Saudi Arabia","Netherlands"
"927",270900,3215739.385,5542066,"SAU","PAK","Saudi Arabia","Pakistan"
"928",270900,1793784.549,3193360,"SAU","PHL","Saudi Arabia","Philippines"
"929",270900,8040949.127,13375532,"SAU","POL","Saudi Arabia","Poland"
"930",270900,19606881.973,31723400,"SAU","IND","Saudi Arabia","India"
"931",270900,2196480.839,3538560,"SAU","SGP","Saudi Arabia","Singapore"
"932",270900,873511.218,1490908,"SAU","ZAF","Saudi Arabia","South Africa"
"933",270900,2077783.147,3529560,"SAU","ESP","Saudi Arabia","Spain"
"934",270900,3853704.058,5884971.6,"SAU","THA","Saudi Arabia","Thailand"
"935",270900,720650,1147274.195,"SAU","EGY","Saudi Arabia","Egypt"
"936",270900,8353719.321,15604927.482,"SAU","USA","Saudi Arabia","USA"
"937",270900,580627.002,1044444.391,"SEN","CHN","Senegal","China"
"938",270900,0.022,0.02,"SEN","FRA","Senegal","France"
"939",270900,51601.709,95999.8,"SEN","DEU","Senegal","Germany"
"940",270900,6160.682,8435.95,"SEN","GIB","Senegal","Gibraltar"
"941",270900,1220.731,1622.29,"SEN","GIN","Senegal","Guinea"
"942",270900,32121.889,81175.202,"SEN","ITA","Senegal","Italy"
"943",270900,0.501,0.201,"SEN","KOR","Senegal","Rep. of Korea"
"944",270900,5294.916,7292.58,"SEN","MLI","Senegal","Mali"
"945",270900,86903.977,128894.288,"SEN","NLD","Senegal","Netherlands"
"946",270900,0.107,0.023,"SEN","IND","Senegal","India"
"947",270900,76568.827,132623.633,"SEN","ESP","Senegal","Spain"
"948",270900,638.328,802.36,"SEN","GBR","Senegal","United Kingdom"
"949",270900,75146.73,158151.258,"SEN","USA","Senegal","USA"
"950",270900,0.008,0.006,"SRB","ITA","Serbia","Italy"
"951",270900,0.053,0.002,"IND","BEL","India","Belgium"
"952",270900,0.001,0.002,"IND","CAN","India","Canada"
"953",270900,35.656,2.155,"IND","LKA","India","Sri Lanka"
"954",270900,0.685,0.089,"IND","CHN","India","China"
"955",270900,43.523,32.568,"IND","SLV","India","El Salvador"
"956",270900,0.008,0.012,"IND","FRA","India","France"
"957",270900,34.85,15.13,"IND","GTM","India","Guatemala"
"958",270900,0.047,0.009,"IND","IDN","India","Indonesia"
"959",270900,0.01,0.002,"IND","IRL","India","Ireland"
"960",270900,0.004,0.001,"IND","NAM","India","Namibia"
"961",270900,0.462,0.724,"IND","NLD","India","Netherlands"
"962",270900,21.517,16,"IND","NZL","India","New Zealand"
"963",270900,92949.24,133312,"IND","QAT","India","Qatar"
"964",270900,1.761,0.17,"SGP","BGD","Singapore","Bangladesh"
"965",270900,0.001,0.001,"SGP","BEL","Singapore","Belgium"
"966",270900,0.028,0.045,"SGP","FRA","Singapore","France"
"967",270900,1.76,0.028,"SGP","IDN","Singapore","Indonesia"
"968",270900,1.347,2.37,"SGP","JOR","Singapore","Jordan"
"969",270900,0.739,0.209,"SGP","KOR","Singapore","Rep. of Korea"
"970",270900,91.4,406.54,"SGP","MYS","Singapore","Malaysia"
"971",270900,0.501,0.771,"SGP","NLD","Singapore","Netherlands"
"972",270900,0.004,0.008,"SGP","PAN","Singapore","Panama"
"973",270900,1.187,2.088,"SGP","PNG","Singapore","Papua New Guinea"
"974",270900,83846.452,179654.9,"SGP","QAT","Singapore","Qatar"
"975",270900,77583.436,135101,"SGP","IND","Singapore","India"
"976",270900,1.257,NA,"SGP","ESP","Singapore","Spain"
"977",270900,2310.928,3394.806,"SGP","THA","Singapore","Thailand"
"978",270900,42.485,0.508,"SGP","UGA","Singapore","Uganda"
"979",270900,0.193,0.34,"SGP","USA","Singapore","USA"
"980",270900,630.064,1158.627,"SVK","AUT","Slovakia","Austria"
"981",270900,0.065,0.012,"SVK","CZE","Slovakia","Czechia"
"982",270900,368948.804,427816.448,"SVK","HUN","Slovakia","Hungary"
"983",270900,616834.536,1027016.3,"VNM","AUS","Viet Nam","Australia"
"984",270900,0.103,0.004,"VNM","BEL","Viet Nam","Belgium"
"985",270900,157579.157,236490,"VNM","BRN","Viet Nam","Brunei Darussalam"
"986",270900,18904.964,25504,"VNM","CHN","Viet Nam","China"
"987",270900,154279.438,227011.3,"VNM","JPN","Viet Nam","Japan"
"988",270900,39426.618,53130.5,"VNM","MYS","Viet Nam","Malaysia"
"989",270900,94420.14,140368,"VNM","SGP","Viet Nam","Singapore"
"990",270900,544369.374,761301.3,"VNM","THA","Viet Nam","Thailand"
"991",270900,0.409,0.172,"SVN","HRV","Slovenia","Croatia"
"992",270900,71.84,78.941,"SVN","HUN","Slovenia","Hungary"
"993",270900,0.206,0.306,"SVN","NLD","Slovenia","Netherlands"
"994",270900,0.063,0.001,"SVN","USA","Slovenia","USA"
"995",270900,6.761,1.432,"ZAF","AGO","South Africa","Angola"
"996",270900,0.004,0.002,"ZAF","BEL","South Africa","Belgium"
"997",270900,1.548,0.023,"ZAF","BWA","South Africa","Botswana"
"998",270900,6035.737,8356.32,"ZAF","BRA","South Africa","Brazil"
"999",270900,11742.517,21672.5,"ZAF","CHN","South Africa","China"
"1000",270900,28.02,1.692,"ZAF","COD","South Africa","Dem. Rep. of the Congo"
"1001",270900,0.004,0.001,"ZAF","DNK","South Africa","Denmark"
"1002",270900,0.452,0.022,"ZAF","KOR","South Africa","Rep. of Korea"
"1003",270900,17.886,25.388,"ZAF","LSO","South Africa","Lesotho"
"1004",270900,15.95,2.835,"ZAF","LBR","South Africa","Liberia"
"1005",270900,0.764,0.84,"ZAF","MWI","South Africa","Malawi"
"1006",270900,10.05,3.263,"ZAF","MUS","South Africa","Mauritius"
"1007",270900,110.235,45.545,"ZAF","MOZ","South Africa","Mozambique"
"1008",270900,9.72,5.378,"ZAF","NAM","South Africa","Namibia"
"1009",270900,0.75,1.14,"ZAF","NLD","South Africa","Netherlands"
"1010",270900,0.709,0.4,"ZAF","VUT","South Africa","Vanuatu"
"1011",270900,16738.17,22797.9,"ZAF","QAT","South Africa","Qatar"
"1012",270900,22.481,5.024,"ZAF","SHN","South Africa","Saint Helena"
"1013",270900,3258.72,6470.309,"ZAF","SGP","South Africa","Singapore"
"1014",270900,740.6,1110.882,"ZAF","ZWE","South Africa","Zimbabwe"
"1015",270900,1.892,0.42,"ZAF","SWZ","South Africa","Eswatini"
"1016",270900,47932.49,NA,"ZAF","GBR","South Africa","United Kingdom"
"1017",270900,8.135,9.764,"ZAF","TZA","South Africa","United Rep. of Tanzania"
"1018",270900,0.005,0.004,"ZAF","USA","South Africa","USA"
"1019",270900,480.832,456.469,"ZAF","ZMB","South Africa","Zambia"
"1020",270900,0.31,NA,"ESP","ARG","Spain","Argentina"
"1021",270900,2.897,0.38,"ESP","AUS","Spain","Australia"
"1022",270900,14.807,10.933,"ESP","BEL","Spain","Belgium"
"1023",270900,1.947,0.37,"ESP","BRA","Spain","Brazil"
"1024",270900,0.001,0.002,"ESP","CAN","Spain","Canada"
"1025",270900,20.464,6.5,"ESP","COL","Spain","Colombia"
"1026",270900,4.222,0.16,"ESP","CRI","Spain","Costa Rica"
"1027",270900,38752.707,57002.1,"ESP","HRV","Spain","Croatia"
"1028",270900,7.785,0.435,"ESP","CUB","Spain","Cuba"
"1029",270900,0.009,0.001,"ESP","CZE","Spain","Czechia"
"1030",270900,7.993,0.911,"ESP","ECU","Spain","Ecuador"
"1031",270900,151787.651,506552.582,"ESP","FRA","Spain","France"
"1032",270900,3.13,1.243,"ESP","DEU","Spain","Germany"
"1033",270900,28369.797,32932.7,"ESP","IRL","Spain","Ireland"
"1034",270900,40438.547,106258.322,"ESP","ITA","Spain","Italy"
"1035",270900,0.267,0.063,"ESP","KOR","Spain","Rep. of Korea"
"1036",270900,2.574,0.412,"ESP","MDV","Spain","Maldives"
"1037",270900,56415.995,79795.3,"ESP","MLT","Spain","Malta"
"1038",270900,3.79,0.38,"ESP","MEX","Spain","Mexico"
"1039",270900,64.968,75.235,"ESP","NLD","Spain","Netherlands"
"1040",270900,1.704,0.306,"ESP","PER","Spain","Peru"
"1041",270900,1482.671,9452.611,"ESP","PRT","Spain","Portugal"
"1042",270900,51660.73,73523.5,"ESP","QAT","Spain","Qatar"
"1043",270900,0.658,0.05,"ESP","SGP","Spain","Singapore"
"1044",270900,75433.02,102149,"ESP","SVN","Spain","Slovenia"
"1045",270900,3.682,0.6,"ESP","THA","Spain","Thailand"
"1046",270900,3.635,0.411,"ESP","ARE","Spain","United Arab Emirates"
"1047",270900,0.063,0.003,"ESP","GBR","Spain","United Kingdom"
"1048",270900,299964.621,462716.1,"SSD","CHN","South Sudan","China"
"1049",270900,9115.509,13925.4,"SSD","JPN","South Sudan","Japan"
"1050",270900,88109.897,143832,"SSD","SGP","South Sudan","Singapore"
"1051",270900,273263.256,488001,"SDN","ITA","Sudan","Italy"
"1052",270900,314344.299,505839.1,"SDN","MYS","Sudan","Malaysia"
"1053",270900,92450.056,150206,"SDN","SGP","Sudan","Singapore"
"1054",270900,0.028,0.02,"SWZ","MOZ","Eswatini","Mozambique"
"1055",270900,1.893,0.407,"SWE","CAN","Sweden","Canada"
"1056",270900,0.282,0.013,"SWE","KEN","Sweden","Kenya"
"1057",270900,2.176,0.467,"SWE","NZL","Sweden","New Zealand"
"1058",270900,158.124,36,"SWE","NOR","Sweden","Norway"
"1059",270900,55430.271,103251.77,"SWE","QAT","Sweden","Qatar"
"1060",270900,28.105,4,"SWE","CHE","Sweden","Switzerland"
"1061",270900,0.473,0.102,"SWE","USA","Sweden","USA"
"1062",270900,0.04,0.005,"CHE","BEL","Switzerland","Belgium"
"1063",270900,0.264,NA,"CHE","BRA","Switzerland","Brazil"
"1064",270900,0.016,0.001,"CHE","CZE","Switzerland","Czechia"
"1065",270900,0.011,0.003,"CHE","DNK","Switzerland","Denmark"
"1066",270900,0.069,0.004,"CHE","DEU","Switzerland","Germany"
"1067",270900,1.451,0.131,"CHE","POL","Switzerland","Poland"
"1068",270900,0.26,0.015,"CHE","THA","Switzerland","Thailand"
"1069",270900,0.024,0.024,"THA","AUS","Thailand","Australia"
"1070",270900,0.001,NA,"THA","BEL","Thailand","Belgium"
"1071",270900,19809.636,42123.9,"THA","BRN","Thailand","Brunei Darussalam"
"1072",270900,3.099,0.397,"THA","KHM","Thailand","Cambodia"
"1073",270900,0.009,0.013,"THA","CAN","Thailand","Canada"
"1074",270900,206658.859,366119.116,"THA","CHN","Thailand","China"
"1075",270900,0.059,0.005,"THA","DEU","Thailand","Germany"
"1076",270900,0.434,0.487,"THA","JPN","Thailand","Japan"
"1077",270900,0.008,0.008,"THA","KOR","Thailand","Rep. of Korea"
"1078",270900,264738.247,493946.812,"THA","MYS","Thailand","Malaysia"
"1079",270900,0.036,0.036,"THA","S19","Thailand","Other Asia, nes"
"1080",270900,0.365,0.552,"THA","NLD","Thailand","Netherlands"
"1081",270900,42881.574,69519.132,"THA","SGP","Thailand","Singapore"
"1082",270900,0.005,0.004,"THA","ARE","Thailand","United Arab Emirates"
"1083",270900,0.086,0.02,"THA","GBR","Thailand","United Kingdom"
"1084",270900,0.134,0.111,"THA","USA","Thailand","USA"
"1085",270900,0.569,0.889,"TGO","NLD","Togo","Netherlands"
"1086",270900,0.916,0.015,"TGO","ESP","Togo","Spain"
"1087",270900,68635.995,101877,"TTO","BEL","Trinidad and Tobago","Belgium"
"1088",270900,0.187,0.093,"TTO","GRD","Trinidad and Tobago","Grenada"
"1089",270900,207096.463,299161.5,"TTO","PER","Trinidad and Tobago","Peru"
"1090",270900,1429641.444,2699214.19,"TTO","USA","Trinidad and Tobago","USA"
"1091",270900,314948.625,536457,"ARE","AUS","United Arab Emirates","Australia"
"1092",270900,2.995,0.151,"ARE","BEL","United Arab Emirates","Belgium"
"1093",270900,505466.488,849845,"ARE","BRN","United Arab Emirates","Brunei Darussalam"
"1094",270900,0.719,1.145,"ARE","CAN","United Arab Emirates","Canada"
"1095",270900,0.082,0.1,"ARE","CAF","United Arab Emirates","Central African Rep."
"1096",270900,766316.511,1519430,"ARE","LKA","United Arab Emirates","Sri Lanka"
"1097",270900,22068408.683,35532280,"ARE","CHN","United Arab Emirates","China"
"1098",270900,135820.627,213240.275,"ARE","FRA","United Arab Emirates","France"
"1099",270900,600854.139,987414.65,"ARE","DEU","United Arab Emirates","Germany"
"1100",270900,74475.644,121773,"ARE","IDN","United Arab Emirates","Indonesia"
"1101",270900,87183.295,134940,"ARE","ITA","United Arab Emirates","Italy"
"1102",270900,31447434.112,49478700,"ARE","JPN","United Arab Emirates","Japan"
"1103",270900,0.1,NA,"ARE","KAZ","United Arab Emirates","Kazakhstan"
"1104",270900,11902449.379,18577700,"ARE","KOR","United Arab Emirates","Rep. of Korea"
"1105",270900,0.518,0.02,"ARE","MWI","United Arab Emirates","Malawi"
"1106",270900,2998263.2,4544356,"ARE","MYS","United Arab Emirates","Malaysia"
"1107",270900,2382550.273,4513400,"ARE","S19","United Arab Emirates","Other Asia, nes"
"1108",270900,18.423,20.997,"ARE","MOZ","United Arab Emirates","Mozambique"
"1109",270900,42938.493,65386.837,"ARE","NLD","United Arab Emirates","Netherlands"
"1110",270900,2368275.71,4166332,"ARE","PAK","United Arab Emirates","Pakistan"
"1111",270900,1218774.271,2055090,"ARE","PHL","United Arab Emirates","Philippines"
"1112",270900,13452491.019,21250800,"ARE","IND","United Arab Emirates","India"
"1113",270900,7940523.146,12593200,"ARE","SGP","United Arab Emirates","Singapore"
"1114",270900,14749293.229,151659782.201,"ARE","THA","United Arab Emirates","Thailand"
"1115",270900,174000.8,285284,"ARE","GBR","United Arab Emirates","United Kingdom"
"1116",270900,1203473.39,2262157.077,"ARE","USA","United Arab Emirates","USA"
"1117",270900,15.634,24.503,"ARE","BFA","United Arab Emirates","Burkina Faso"
"1118",270900,35967.337,54122,"TUN","AUT","Tunisia","Austria"
"1119",270900,75987.515,135538.947,"TUN","BGR","Tunisia","Bulgaria"
"1120",270900,1503.933,2788.2,"TUN","FRA","Tunisia","France"
"1121",270900,39477.924,59434,"TUN","DEU","Tunisia","Germany"
"1122",270900,1280.801,2374.526,"TUN","GRC","Tunisia","Greece"
"1123",270900,104811.916,253816.706,"TUN","ITA","Tunisia","Italy"
"1124",270900,22298.071,53099.251,"TUN","NLD","Tunisia","Netherlands"
"1125",270900,5928.077,7846.13,"TUN","QAT","Tunisia","Qatar"
"1126",270900,3309.086,50887.516,"TUN","SGP","Tunisia","Singapore"
"1127",270900,12086.291,20666.721,"TUN","ESP","Tunisia","Spain"
"1128",270900,47495.018,88052.837,"TUN","CHE","Tunisia","Switzerland"
"1129",270900,47386.429,87851.52,"TUN","TUR","Tunisia","TÃ¼rkiye"
"1130",270900,50138.766,95741.293,"TUN","GBR","Tunisia","United Kingdom"
"1131",270900,0.055,0.008,"TUR","BEL","TÃ¼rkiye","Belgium"
"1132",270900,0.47,0.018,"TUR","BGR","TÃ¼rkiye","Bulgaria"
"1133",270900,0.18,0.286,"TUR","CAN","TÃ¼rkiye","Canada"
"1134",270900,15171.899,25016.577,"TUR","NLD","TÃ¼rkiye","Netherlands"
"1135",270900,612463.425,913671,"TUR","IND","TÃ¼rkiye","India"
"1136",270900,0.207,0.31,"TUR","SGP","TÃ¼rkiye","Singapore"
"1137",270900,0.005,0.018,"TUR","ZAF","TÃ¼rkiye","South Africa"
"1138",270900,596034.11,926406.589,"TUR","GBR","TÃ¼rkiye","United Kingdom"
"1139",270900,90824.817,161503,"TKM","AZE","Turkmenistan","Azerbaijan"
"1140",270900,34340.859,57299.8,"TKM","GRC","Turkmenistan","Greece"
"1141",270900,49749.069,80481.9,"TKM","UZB","Turkmenistan","Uzbekistan"
"1142",270900,1.088,2.973,"UGA","COD","Uganda","Dem. Rep. of the Congo"
"1143",270900,98.59,197.18,"UKR","ROU","Ukraine","Romania"
"1144",270900,86245.344,138318.3,"EGY","BGR","Egypt","Bulgaria"
"1145",270900,16757.962,25678,"EGY","FRA","Egypt","France"
"1146",270900,303144.299,512603,"EGY","DEU","Egypt","Germany"
"1147",270900,501270.527,925360.502,"EGY","GRC","Egypt","Greece"
"1148",270900,30159.535,75577.313,"EGY","ITA","Egypt","Italy"
"1149",270900,0.058,0.09,"EGY","NLD","Egypt","Netherlands"
"1150",270900,152065.985,297487,"EGY","IND","Egypt","India"
"1151",270900,81167,146254.21,"EGY","ARE","Egypt","United Arab Emirates"
"1152",270900,37048,66756.514,"EGY","TUR","Egypt","TÃ¼rkiye"
"1153",270900,4.177,0.186,"GBR","AGO","United Kingdom","Angola"
"1154",270900,117488.555,198212.02,"GBR","BEL","United Kingdom","Belgium"
"1155",270900,90458.425,127387.56,"GBR","BRA","United Kingdom","Brazil"
"1156",270900,55825.536,207803.894,"GBR","CAN","United Kingdom","Canada"
"1157",270900,1039518.247,1788977.458,"GBR","CHN","United Kingdom","China"
"1158",270900,2.139,1.046,"GBR","CYP","United Kingdom","Cyprus"
"1159",270900,0.341,NA,"GBR","CZE","United Kingdom","Czechia"
"1160",270900,63049.894,144675.928,"GBR","DNK","United Kingdom","Denmark"
"1161",270900,0.059,0.004,"GBR","DOM","United Kingdom","Dominican Rep."
"1162",270900,607781.416,995181.651,"GBR","FIN","United Kingdom","Finland"
"1163",270900,562276.004,884479.416,"GBR","FRA","United Kingdom","France"
"1164",270900,4455911.22,6652573.254,"GBR","DEU","United Kingdom","Germany"
"1165",270900,0.042,0.006,"GBR","GRD","United Kingdom","Grenada"
"1166",270900,0.81,NA,"GBR","GUY","United Kingdom","Guyana"
"1167",270900,453.188,365.41,"GBR","IRL","United Kingdom","Ireland"
"1168",270900,11.497,2.675,"GBR","ISR","United Kingdom","Israel"
"1169",270900,356266.204,586996.057,"GBR","ITA","United Kingdom","Italy"
"1170",270900,469205.735,725101.577,"GBR","KOR","United Kingdom","Rep. of Korea"
"1171",270900,539416.977,939147.196,"GBR","LTU","United Kingdom","Lithuania"
"1172",270900,16333.048,31142.3,"GBR","MYS","United Kingdom","Malaysia"
"1173",270900,3636809.38,7804270.226,"GBR","NLD","United Kingdom","Netherlands"
"1174",270900,66157.162,93930.436,"GBR","NOR","United Kingdom","Norway"
"1175",270900,392378.727,1107573.394,"GBR","POL","United Kingdom","Poland"
"1176",270900,29941.422,52210.6,"GBR","QAT","United Kingdom","Qatar"
"1177",270900,210420.965,391679,"GBR","SGP","United Kingdom","Singapore"
"1178",270900,0.026,0.024,"GBR","ZAF","United Kingdom","South Africa"
"1179",270900,227593.417,410139.081,"GBR","ESP","United Kingdom","Spain"
"1180",270900,1319513.054,2463500.636,"GBR","SWE","United Kingdom","Sweden"
"1181",270900,1534720.185,2856301.758,"GBR","USA","United Kingdom","USA"
"1182",270900,1135.654,1830.5,"TZA","COD","United Rep. of Tanzania","Dem. Rep. of the Congo"
"1183",270900,153.819,461.652,"TZA","ZMB","United Rep. of Tanzania","Zambia"
"1184",270900,6.8,3.18,"USA","DZA","USA","Algeria"
"1185",270900,0.78,0.071,"USA","AGO","USA","Angola"
"1186",270900,1.19,0.22,"USA","ATG","USA","Antigua and Barbuda"
"1187",270900,878346.91,1512000.593,"USA","AUS","USA","Australia"
"1188",270900,51349.576,77849,"USA","AUT","USA","Austria"
"1189",270900,11.304,42.62,"USA","BHS","USA","Bahamas"
"1190",270900,106223.271,151972.607,"USA","BEL","USA","Belgium"
"1191",270900,2.788,0.795,"USA","BMU","USA","Bermuda"
"1192",270900,1507518.753,2274269.55,"USA","BRA","USA","Brazil"
"1193",270900,10924716.549,17685415.462,"USA","CAN","USA","Canada"
"1194",270900,16.278,10.497,"USA","CHL","USA","Chile"
"1195",270900,6062950.105,10598238.304,"USA","CHN","USA","China"
"1196",270900,331582.184,529103.385,"USA","COL","USA","Colombia"
"1197",270900,39.12,44.483,"USA","CRI","USA","Costa Rica"
"1198",270900,0.431,NA,"USA","HRV","USA","Croatia"
"1199",270900,2071633.593,3230302.543,"USA","DNK","USA","Denmark"
"1200",270900,787868.065,1304775.837,"USA","DOM","USA","Dominican Rep."
"1201",270900,0.22,0.05,"USA","ECU","USA","Ecuador"
"1202",270900,5.876,11.607,"USA","SLV","USA","El Salvador"
"1203",270900,401619.392,661462.307,"USA","FIN","USA","Finland"
"1204",270900,7274096.759,11198339.016,"USA","FRA","USA","France"
"1205",270900,8450853,13349059.238,"USA","DEU","USA","Germany"
"1206",270900,23.1,48.972,"USA","GRC","USA","Greece"
"1207",270900,0.052,0.007,"USA","GRD","USA","Grenada"
"1208",270900,130.63,31.234,"USA","GTM","USA","Guatemala"
"1209",270900,6.638,1.896,"USA","GUY","USA","Guyana"
"1210",270900,34.834,69.165,"USA","HND","USA","Honduras"
"1211",270900,0.164,0.004,"USA","ISL","USA","Iceland"
"1212",270900,399461.517,614168.969,"USA","IDN","USA","Indonesia"
"1213",270900,1150501.012,1813610.781,"USA","IRL","USA","Ireland"
"1214",270900,54.263,112.572,"USA","ISR","USA","Israel"
"1215",270900,2818091.002,4691220.987,"USA","ITA","USA","Italy"
"1216",270900,10.961,21.624,"USA","JAM","USA","Jamaica"
"1217",270900,1790372.815,2755829.572,"USA","JPN","USA","Japan"
"1218",270900,14224636.86,21795026.029,"USA","KOR","USA","Rep. of Korea"
"1219",270900,12.5,24.168,"USA","KWT","USA","Kuwait"
"1220",270900,5.777,0.318,"USA","LBR","USA","Liberia"
"1221",270900,432950.778,656063,"USA","LTU","USA","Lithuania"
"1222",270900,812487.44,1296221.69,"USA","MYS","USA","Malaysia"
"1223",270900,0.089,0.009,"USA","MLT","USA","Malta"
"1224",270900,0.806,1.283,"USA","MEX","USA","Mexico"
"1225",270900,7113413.398,13300669.219,"USA","S19","USA","Other Asia, nes"
"1226",270900,13036164.436,25326826.126,"USA","NLD","USA","Netherlands"
"1227",270900,33.094,70.119,"USA","CUW","USA","CuraÃ§ao"
"1228",270900,21.744,4.611,"USA","ABW","USA","Aruba"
"1229",270900,6.95,27.189,"USA","NZL","USA","New Zealand"
"1230",270900,518374.4,688923.866,"USA","NIC","USA","Nicaragua"
"1231",270900,1212062.207,2379466.8,"USA","NGA","USA","Nigeria"
"1232",270900,375157.583,597484.465,"USA","NOR","USA","Norway"
"1233",270900,15517.807,29821,"USA","PAK","USA","Pakistan"
"1234",270900,1377070.765,2828338.11,"USA","PAN","USA","Panama"
"1235",270900,885830.758,1377484.049,"USA","PER","USA","Peru"
"1236",270900,1049246.085,1598959.005,"USA","POL","USA","Poland"
"1237",270900,707916.379,1152399.54,"USA","PRT","USA","Portugal"
"1238",270900,1992.711,4795.03,"USA","QAT","USA","Qatar"
"1239",270900,0.306,NA,"USA","ROU","USA","Romania"
"1240",270900,15.047,31.164,"USA","SAU","USA","Saudi Arabia"
"1241",270900,0.263,0.008,"USA","SRB","USA","Serbia"
"1242",270900,4142387.416,7512561.496,"USA","IND","USA","India"
"1243",270900,7339511.115,11939211.366,"USA","SGP","USA","Singapore"
"1244",270900,26381.493,36239.7,"USA","SVK","USA","Slovakia"
"1245",270900,33346.587,63992.571,"USA","VNM","USA","Viet Nam"
"1246",270900,428701.427,617731.124,"USA","ZAF","USA","South Africa"
"1247",270900,6327400.79,10226362.87,"USA","ESP","USA","Spain"
"1248",270900,1506756.07,2260501.992,"USA","SWE","USA","Sweden"
"1249",270900,851388.32,1408730.998,"USA","CHE","USA","Switzerland"
"1250",270900,3758363.637,5093045.728,"USA","THA","USA","Thailand"
"1251",270900,2.304,NA,"USA","TTO","USA","Trinidad and Tobago"
"1252",270900,7.431,15.423,"USA","ARE","USA","United Arab Emirates"
"1253",270900,158632.266,293703.846,"USA","TUR","USA","TÃ¼rkiye"
"1254",270900,10610642.576,16935258.078,"USA","GBR","USA","United Kingdom"
"1255",270900,81306.172,144155.666,"USA","URY","USA","Uruguay"
"1256",270900,0.05,0.24,"BFA","CHN","Burkina Faso","China"
"1257",270900,0.114,0.006,"URY","BEL","Uruguay","Belgium"
"1258",270900,16366.311,27431.8,"URY","KOR","Uruguay","Rep. of Korea"
"1259",270900,728570.105,1498370,"VEN","CHN","Venezuela","China"
"1260",270900,164315.193,352086,"VEN","ITA","Venezuela","Italy"
"1261",270900,5860.742,18426.8,"VEN","POL","Venezuela","Poland"
"1262",270900,1758651.118,3729060,"VEN","IND","Venezuela","India"
"1263",270900,1273177.437,2919460,"VEN","ESP","Venezuela","Spain"
"1264",270900,5882011.393,13157409.636,"VEN","USA","Venezuela","USA"
"1265",270900,0.182,0.01,"WSM","ASM","Samoa","American Samoa"
"1266",270900,0.005,0.008,"ZMB","DEU","Zambia","Germany"
"1267",270900,0.01,0.003,"ZMB","ZAF","Zambia","South Africa"
